word,normalized_word,category
dog,dog,Animals
cat,cat,Animals
lion,lion,Animals
tiger,tiger,Animals
elephant,elephant,Animals
giraffe,giraffe,Animals
zebra,zebra,Animals
monkey,monkey,Animals
bear,bear,Animals
wolf,wolf,Animals
fox,fox,Animals
rabbit,rabbit,Animals
deer,deer,Animals
horse,horse,Animals
cow,cow,Animals
pig,pig,Animals
sheep,sheep,Animals
goat,goat,Animals
chicken,chicken,Animals
duck,duck,Animals
eagle,eagle,Animals
owl,owl,Animals
sparrow,sparrow,Animals
penguin,penguin,Animals
dolphin,dolphin,Animals
whale,whale,Animals
shark,shark,Animals
octopus,octopus,Animals
crab,crab,Animals
lobster,lobster,Animals
snake,snake,Animals
lizard,lizard,Animals
turtle,turtle,Animals
frog,frog,Animals
butterfly,butterfly,Animals
bee,bee,Animals
ant,ant,Animals
spider,spider,Animals
mouse,mouse,Animals
squirrel,squirrel,Animals
kangaroo,kangaroo,Animals
koala,koala,Animals
panda,panda,Animals
cheetah,cheetah,Animals
rhinoceros,rhinoceros,Animals
hippopotamus,hippopotamus,Animals
camel,camel,Animals
llama,llama,Animals
otter,otter,Animals
beaver,beaver,Animals
hedgehog,hedgehog,Animals
raccoon,raccoon,Animals
skunk,skunk,Animals
bat,bat,Animals
falcon,falcon,Animals
parrot,parrot,Animals
flamingo,flamingo,Animals
peacock,peacock,Animals
swan,swan,Animals
crocodile,crocodile,Animals
alligator,alligator,Animals
seal,seal,Animals
walrus,walrus,Animals
jellyfish,jellyfish,Animals
starfish,starfish,Animals
snail,snail,Animals
worm,worm,Animals
scorpion,scorpion,Animals
mountain,mountain,Nature
river,river,Nature
forest,forest,Nature
desert,desert,Nature
valley,valley,Nature
waterfall,waterfall,Nature
volcano,volcano,Nature
glacier,glacier,Nature
canyon,canyon,Nature
island,island,Nature
lake,lake,Nature
cave,cave,Nature
cliff,cliff,Nature
meadow,meadow,Nature
jungle,jungle,Nature
swamp,swamp,Nature
coral,coral,Nature
reef,reef,Nature
dune,dune,Nature
hill,hill,Nature
stream,stream,Nature
pond,pond,Nature
cavern,cavern,Nature
prairie,prairie,Nature
tundra,tundra,Nature
oasis,oasis,Nature
peninsula,peninsula,Nature
bay,bay,Nature
delta,delta,Nature
plateau,plateau,Nature
ridge,ridge,Nature
grove,grove,Nature
thicket,thicket,Nature
marsh,marsh,Nature
geyser,geyser,Nature
lagoon,lagoon,Nature
crater,crater,Nature
fjord,fjord,Nature
wetland,wetland,Nature
savanna,savanna,Nature
rainforest,rainforest,Nature
boulder,boulder,Nature
pebble,pebble,Nature
soil,soil,Nature
bedrock,bedrock,Nature
bread,bread,Food
cheese,cheese,Food
apple,apple,Food
banana,banana,Food
orange,orange,Food
grape,grape,Food
strawberry,strawberry,Food
pizza,pizza,Food
pasta,pasta,Food
rice,rice,Food
soup,soup,Food
salad,salad,Food
beef,beef,Food
fish,fish,Food
egg,egg,Food
milk,milk,Food
butter,butter,Food
honey,honey,Food
sugar,sugar,Food
salt,salt,Food
pepper,pepper,Food
coffee,coffee,Food
tea,tea,Food
chocolate,chocolate,Food
cookie,cookie,Food
cake,cake,Food
pie,pie,Food
sandwich,sandwich,Food
burger,burger,Food
taco,taco,Food
sushi,sushi,Food
noodle,noodle,Food
potato,potato,Food
tomato,tomato,Food
onion,onion,Food
garlic,garlic,Food
carrot,carrot,Food
corn,corn,Food
wheat,wheat,Food
oatmeal,oatmeal,Food
yogurt,yogurt,Food
bacon,bacon,Food
sausage,sausage,Food
pancake,pancake,Food
chair,chair,Objects
table,table,Objects
lamp,lamp,Objects
mirror,mirror,Objects
clock,clock,Objects
book,book,Objects
pen,pen,Objects
pencil,pencil,Objects
phone,phone,Objects
camera,camera,Objects
key,key,Objects
wallet,wallet,Objects
umbrella,umbrella,Objects
basket,basket,Objects
bottle,bottle,Objects
cup,cup,Objects
plate,plate,Objects
spoon,spoon,Objects
fork,fork,Objects
knife,knife,Objects
box,box,Objects
bag,bag,Objects
suitcase,suitcase,Objects
ladder,ladder,Objects
rope,rope,Objects
chain,chain,Objects
hammer,hammer,Objects
nail,nail,Objects
screw,screw,Objects
bucket,bucket,Objects
broom,broom,Objects
candle,candle,Objects
mattress,mattress,Objects
pillow,pillow,Objects
blanket,blanket,Objects
curtain,curtain,Objects
shelf,shelf,Objects
drawer,drawer,Objects
vase,vase,Objects
frame,frame,Objects
calendar,calendar,Objects
notebook,notebook,Objects
envelope,envelope,Objects
stamp,stamp,Objects
ticket,ticket,Objects
school,school,Places
hospital,hospital,Places
library,library,Places
airport,airport,Places
station,station,Places
museum,museum,Places
market,market,Places
restaurant,restaurant,Places
hotel,hotel,Places
church,church,Places
temple,temple,Places
castle,castle,Places
palace,palace,Places
stadium,stadium,Places
park,park,Places
garden,garden,Places
zoo,zoo,Places
farm,farm,Places
factory,factory,Places
office,office,Places
bank,bank,Places
prison,prison,Places
harbor,harbor,Places
bridge,bridge,Places
tunnel,tunnel,Places
tower,tower,Places
monument,monument,Places
cemetery,cemetery,Places
courthouse,courthouse,Places
theater,theater,Places
cinema,cinema,Places
gallery,gallery,Places
laboratory,laboratory,Places
warehouse,warehouse,Places
mall,mall,Places
plaza,plaza,Places
village,village,Places
town,town,Places
city,city,Places
capital,capital,Places
suburb,suburb,Places
campus,campus,Places
embassy,embassy,Places
shrine,shrine,Places
lighthouse,lighthouse,Places
computer,computer,Technology
internet,internet,Technology
robot,robot,Technology
satellite,satellite,Technology
drone,drone,Technology
laptop,laptop,Technology
smartphone,smartphone,Technology
software,software,Technology
algorithm,algorithm,Technology
database,database,Technology
keyboard,keyboard,Technology
monitor,monitor,Technology
printer,printer,Technology
router,router,Technology
server,server,Technology
sensor,sensor,Technology
battery,battery,Technology
circuit,circuit,Technology
processor,processor,Technology
microchip,microchip,Technology
television,television,Technology
radio,radio,Technology
telescope,telescope,Technology
microscope,microscope,Technology
calculator,calculator,Technology
headphones,headphones,Technology
speaker,speaker,Technology
charger,charger,Technology
antenna,antenna,Technology
network,network,Technology
password,password,Technology
firewall,firewall,Technology
browser,browser,Technology
application,application,Technology
virus,virus,Technology
download,download,Technology
upload,upload,Technology
bluetooth,bluetooth,Technology
wifi,wifi,Technology
hardware,hardware,Technology
interface,interface,Technology
cloud,cloud,Technology
football,football,Sports
basketball,basketball,Sports
baseball,baseball,Sports
tennis,tennis,Sports
golf,golf,Sports
swimming,swimming,Sports
boxing,boxing,Sports
wrestling,wrestling,Sports
cycling,cycling,Sports
running,running,Sports
skiing,skiing,Sports
skating,skating,Sports
surfing,surfing,Sports
volleyball,volleyball,Sports
cricket,cricket,Sports
rugby,rugby,Sports
hockey,hockey,Sports
archery,archery,Sports
fencing,fencing,Sports
gymnastics,gymnastics,Sports
marathon,marathon,Sports
triathlon,triathlon,Sports
karate,karate,Sports
judo,judo,Sports
badminton,badminton,Sports
bowling,bowling,Sports
billiards,billiards,Sports
darts,darts,Sports
rowing,rowing,Sports
sailing,sailing,Sports
diving,diving,Sports
climbing,climbing,Sports
skateboarding,skateboarding,Sports
snowboarding,snowboarding,Sports
weightlifting,weightlifting,Sports
javelin,javelin,Sports
discus,discus,Sports
hurdles,hurdles,Sports
relay,relay,Sports
referee,referee,Sports
coach,coach,Sports
trophy,trophy,Sports
medal,medal,Sports
tournament,tournament,Sports
car,car,Transportation
bicycle,bicycle,Transportation
motorcycle,motorcycle,Transportation
bus,bus,Transportation
train,train,Transportation
airplane,airplane,Transportation
helicopter,helicopter,Transportation
boat,boat,Transportation
ship,ship,Transportation
submarine,submarine,Transportation
truck,truck,Transportation
van,van,Transportation
taxi,taxi,Transportation
subway,subway,Transportation
tram,tram,Transportation
ferry,ferry,Transportation
canoe,canoe,Transportation
kayak,kayak,Transportation
scooter,scooter,Transportation
wagon,wagon,Transportation
sled,sled,Transportation
rocket,rocket,Transportation
jet,jet,Transportation
glider,glider,Transportation
balloon,balloon,Transportation
carriage,carriage,Transportation
cart,cart,Transportation
trolley,trolley,Transportation
yacht,yacht,Transportation
tractor,tractor,Transportation
ambulance,ambulance,Transportation
firetruck,firetruck,Transportation
limousine,limousine,Transportation
minivan,minivan,Transportation
spacecraft,spacecraft,Transportation
hovercraft,hovercraft,Transportation
rickshaw,rickshaw,Transportation
gondola,gondola,Transportation
raft,raft,Transportation
sailboat,sailboat,Transportation
freighter,freighter,Transportation
tanker,tanker,Transportation
moped,moped,Transportation
unicycle,unicycle,Transportation
skateboard,skateboard,Transportation
dancing,dancing,Human_Activities
singing,singing,Human_Activities
painting,painting,Human_Activities
writing,writing,Human_Activities
reading,reading,Human_Activities
cooking,cooking,Human_Activities
cleaning,cleaning,Human_Activities
shopping,shopping,Human_Activities
traveling,traveling,Human_Activities
hiking,hiking,Human_Activities
camping,camping,Human_Activities
fishing,fishing,Human_Activities
hunting,hunting,Human_Activities
gardening,gardening,Human_Activities
sewing,sewing,Human_Activities
knitting,knitting,Human_Activities
drawing,drawing,Human_Activities
sculpting,sculpting,Human_Activities
photography,photography,Human_Activities
meditation,meditation,Human_Activities
yoga,yoga,Human_Activities
prayer,prayer,Human_Activities
celebration,celebration,Human_Activities
wedding,wedding,Human_Activities
funeral,funeral,Human_Activities
festival,festival,Human_Activities
parade,parade,Human_Activities
protest,protest,Human_Activities
negotiation,negotiation,Human_Activities
debate,debate,Human_Activities
interview,interview,Human_Activities
lecture,lecture,Human_Activities
rehearsal,rehearsal,Human_Activities
performance,performance,Human_Activities
exercise,exercise,Human_Activities
stretching,stretching,Human_Activities
jogging,jogging,Human_Activities
walking,walking,Human_Activities
sleeping,sleeping,Human_Activities
eating,eating,Human_Activities
drinking,drinking,Human_Activities
laughing,laughing,Human_Activities
crying,crying,Human_Activities
arguing,arguing,Human_Activities
teaching,teaching,Human_Activities
doctor,doctor,Professions
teacher,teacher,Professions
lawyer,lawyer,Professions
engineer,engineer,Professions
nurse,nurse,Professions
farmer,farmer,Professions
chef,chef,Professions
pilot,pilot,Professions
artist,artist,Professions
musician,musician,Professions
writer,writer,Professions
scientist,scientist,Professions
dentist,dentist,Professions
plumber,plumber,Professions
electrician,electrician,Professions
carpenter,carpenter,Professions
mechanic,mechanic,Professions
architect,architect,Professions
accountant,accountant,Professions
journalist,journalist,Professions
photographer,photographer,Professions
firefighter,firefighter,Professions
librarian,librarian,Professions
professor,professor,Professions
surgeon,surgeon,Professions
veterinarian,veterinarian,Professions
pharmacist,pharmacist,Professions
therapist,therapist,Professions
translator,translator,Professions
actor,actor,Professions
dancer,dancer,Professions
comedian,comedian,Professions
athlete,athlete,Professions
judge,judge,Professions
senator,senator,Professions
president,president,Professions
banker,banker,Professions
cashier,cashier,Professions
waiter,waiter,Professions
tailor,tailor,Professions
happiness,happiness,Emotions
sadness,sadness,Emotions
anger,anger,Emotions
fear,fear,Emotions
joy,joy,Emotions
love,love,Emotions
hate,hate,Emotions
jealousy,jealousy,Emotions
pride,pride,Emotions
shame,shame,Emotions
guilt,guilt,Emotions
anxiety,anxiety,Emotions
excitement,excitement,Emotions
boredom,boredom,Emotions
loneliness,loneliness,Emotions
gratitude,gratitude,Emotions
hope,hope,Emotions
despair,despair,Emotions
surprise,surprise,Emotions
disgust,disgust,Emotions
envy,envy,Emotions
contentment,contentment,Emotions
frustration,frustration,Emotions
relief,relief,Emotions
curiosity,curiosity,Emotions
nostalgia,nostalgia,Emotions
embarrassment,embarrassment,Emotions
confidence,confidence,Emotions
confusion,confusion,Emotions
empathy,empathy,Emotions
compassion,compassion,Emotions
grief,grief,Emotions
delight,delight,Emotions
worry,worry,Emotions
calm,calm,Emotions
panic,panic,Emotions
affection,affection,Emotions
resentment,resentment,Emotions
admiration,admiration,Emotions
regret,regret,Emotions
satisfaction,satisfaction,Emotions
longing,longing,Emotions
awe,awe,Emotions
trust,trust,Emotions
disappointment,disappointment,Emotions
freedom,freedom,Abstract_Concepts
justice,justice,Abstract_Concepts
truth,truth,Abstract_Concepts
beauty,beauty,Abstract_Concepts
wisdom,wisdom,Abstract_Concepts
knowledge,knowledge,Abstract_Concepts
power,power,Abstract_Concepts
destiny,destiny,Abstract_Concepts
fate,fate,Abstract_Concepts
chaos,chaos,Abstract_Concepts
order,order,Abstract_Concepts
balance,balance,Abstract_Concepts
harmony,harmony,Abstract_Concepts
unity,unity,Abstract_Concepts
equality,equality,Abstract_Concepts
honor,honor,Abstract_Concepts
courage,courage,Abstract_Concepts
loyalty,loyalty,Abstract_Concepts
betrayal,betrayal,Abstract_Concepts
faith,faith,Abstract_Concepts
peace,peace,Abstract_Concepts
victory,victory,Abstract_Concepts
defeat,defeat,Abstract_Concepts
identity,identity,Abstract_Concepts
memory,memory,Abstract_Concepts
dream,dream,Abstract_Concepts
reality,reality,Abstract_Concepts
illusion,illusion,Abstract_Concepts
infinity,infinity,Abstract_Concepts
eternity,eternity,Abstract_Concepts
existence,existence,Abstract_Concepts
consciousness,consciousness,Abstract_Concepts
morality,morality,Abstract_Concepts
logic,logic,Abstract_Concepts
reason,reason,Abstract_Concepts
imagination,imagination,Abstract_Concepts
creativity,creativity,Abstract_Concepts
ambition,ambition,Abstract_Concepts
greed,greed,Abstract_Concepts
humility,humility,Abstract_Concepts
patience,patience,Abstract_Concepts
atom,atom,Science
molecule,molecule,Science
gravity,gravity,Science
energy,energy,Science
electricity,electricity,Science
magnetism,magnetism,Science
evolution,evolution,Science
genetics,genetics,Science
chemistry,chemistry,Science
physics,physics,Science
biology,biology,Science
ecosystem,ecosystem,Science
cell,cell,Science
bacteria,bacteria,Science
protein,protein,Science
enzyme,enzyme,Science
hormone,hormone,Science
neuron,neuron,Science
gene,gene,Science
chromosome,chromosome,Science
mutation,mutation,Science
photosynthesis,photosynthesis,Science
radiation,radiation,Science
isotope,isotope,Science
particle,particle,Science
velocity,velocity,Science
momentum,momentum,Science
friction,friction,Science
pressure,pressure,Science
density,density,Science
reaction,reaction,Science
catalyst,catalyst,Science
compound,compound,Science
element,element,Science
mixture,mixture,Science
crystal,crystal,Science
experiment,experiment,Science
hypothesis,hypothesis,Science
theory,theory,Science
planet,planet,Space
star,star,Space
galaxy,galaxy,Space
comet,comet,Space
asteroid,asteroid,Space
meteor,meteor,Space
moon,moon,Space
sun,sun,Space
orbit,orbit,Space
universe,universe,Space
nebula,nebula,Space
constellation,constellation,Space
eclipse,eclipse,Space
supernova,supernova,Space
cosmos,cosmos,Space
mars,mars,Space
venus,venus,Space
jupiter,jupiter,Space
saturn,saturn,Space
mercury,mercury,Space
neptune,neptune,Space
uranus,uranus,Space
pluto,pluto,Space
aurora,aurora,Space
meteorite,meteorite,Space
astronaut,astronaut,Space
quasar,quasar,Space
pulsar,pulsar,Space
horizon,horizon,Space
continent,continent,Geography
country,country,Geography
ocean,ocean,Geography
sea,sea,Geography
border,border,Geography
latitude,latitude,Geography
longitude,longitude,Geography
hemisphere,hemisphere,Geography
equator,equator,Geography
archipelago,archipelago,Geography
isthmus,isthmus,Geography
strait,strait,Geography
gulf,gulf,Geography
steppe,steppe,Geography
highland,highland,Geography
lowland,lowland,Geography
coastline,coastline,Geography
terrain,terrain,Geography
landscape,landscape,Geography
territory,territory,Geography
province,province,Geography
region,region,Geography
district,district,Geography
metropolis,metropolis,Geography
colony,colony,Geography
empire,empire,Geography
kingdom,kingdom,Geography
nation,nation,Geography
population,population,Geography
migration,migration,Geography
climate,climate,Geography
timezone,timezone,Geography
atlas,atlas,Geography
compass,compass,Geography
globe,globe,Geography
map,map,Geography
skyscraper,skyscraper,Architecture
cathedral,cathedral,Architecture
pyramid,pyramid,Architecture
dome,dome,Architecture
arch,arch,Architecture
column,column,Architecture
facade,facade,Architecture
balcony,balcony,Architecture
staircase,staircase,Architecture
foundation,foundation,Architecture
rooftop,rooftop,Architecture
courtyard,courtyard,Architecture
mansion,mansion,Architecture
cottage,cottage,Architecture
bungalow,bungalow,Architecture
apartment,apartment,Architecture
condominium,condominium,Architecture
fortress,fortress,Architecture
citadel,citadel,Architecture
pavilion,pavilion,Architecture
veranda,veranda,Architecture
mezzanine,mezzanine,Architecture
basement,basement,Architecture
attic,attic,Architecture
chimney,chimney,Architecture
gateway,gateway,Architecture
corridor,corridor,Architecture
terrace,terrace,Architecture
colonnade,colonnade,Architecture
spire,spire,Architecture
minaret,minaret,Architecture
pagoda,pagoda,Architecture
amphitheater,amphitheater,Architecture
aqueduct,aqueduct,Architecture
mausoleum,mausoleum,Architecture
obelisk,obelisk,Architecture
rotunda,rotunda,Architecture
gazebo,gazebo,Architecture
lobby,lobby,Architecture
atrium,atrium,Architecture
movie,movie,Entertainment
concert,concert,Entertainment
circus,circus,Entertainment
carnival,carnival,Entertainment
opera,opera,Entertainment
ballet,ballet,Entertainment
orchestra,orchestra,Entertainment
symphony,symphony,Entertainment
comedy,comedy,Entertainment
drama,drama,Entertainment
tragedy,tragedy,Entertainment
novel,novel,Entertainment
poem,poem,Entertainment
sculpture,sculpture,Entertainment
animation,animation,Entertainment
cartoon,cartoon,Entertainment
videogame,videogame,Entertainment
boardgame,boardgame,Entertainment
puzzle,puzzle,Entertainment
magic,magic,Entertainment
magician,magician,Entertainment
clown,clown,Entertainment
puppet,puppet,Entertainment
karaoke,karaoke,Entertainment
playlist,playlist,Entertainment
soundtrack,soundtrack,Entertainment
screenplay,screenplay,Entertainment
script,script,Entertainment
audience,audience,Entertainment
applause,applause,Entertainment
spotlight,spotlight,Entertainment
premiere,premiere,Entertainment
sequel,sequel,Entertainment
blockbuster,blockbuster,Entertainment
celebrity,celebrity,Entertainment
fanbase,fanbase,Entertainment
shirt,shirt,Clothing
pants,pants,Clothing
dress,dress,Clothing
skirt,skirt,Clothing
jacket,jacket,Clothing
coat,coat,Clothing
sweater,sweater,Clothing
scarf,scarf,Clothing
glove,glove,Clothing
hat,hat,Clothing
cap,cap,Clothing
shoe,shoe,Clothing
boot,boot,Clothing
sandal,sandal,Clothing
sock,sock,Clothing
belt,belt,Clothing
tie,tie,Clothing
suit,suit,Clothing
jeans,jeans,Clothing
shorts,shorts,Clothing
pajama,pajama,Clothing
robe,robe,Clothing
uniform,uniform,Clothing
veil,veil,Clothing
apron,apron,Clothing
mitten,mitten,Clothing
poncho,poncho,Clothing
cloak,cloak,Clothing
vest,vest,Clothing
blouse,blouse,Clothing
gown,gown,Clothing
tunic,tunic,Clothing
turban,turban,Clothing
sari,sari,Clothing
kimono,kimono,Clothing
sombrero,sombrero,Clothing
necklace,necklace,Clothing
bracelet,bracelet,Clothing
earring,earring,Clothing
sofa,sofa,Household_Objects
refrigerator,refrigerator,Household_Objects
oven,oven,Household_Objects
stove,stove,Household_Objects
sink,sink,Household_Objects
faucet,faucet,Household_Objects
toilet,toilet,Household_Objects
bathtub,bathtub,Household_Objects
shower,shower,Household_Objects
wardrobe,wardrobe,Household_Objects
dresser,dresser,Household_Objects
cabinet,cabinet,Household_Objects
cupboard,cupboard,Household_Objects
carpet,carpet,Household_Objects
rug,rug,Household_Objects
wallpaper,wallpaper,Household_Objects
doorknob,doorknob,Household_Objects
hinge,hinge,Household_Objects
windowsill,windowsill,Household_Objects
fireplace,fireplace,Household_Objects
thermostat,thermostat,Household_Objects
dishwasher,dishwasher,Household_Objects
microwave,microwave,Household_Objects
blender,blender,Household_Objects
toaster,toaster,Household_Objects
kettle,kettle,Household_Objects
vacuum,vacuum,Household_Objects
iron,iron,Household_Objects
hanger,hanger,Household_Objects
hamper,hamper,Household_Objects
mop,mop,Household_Objects
dustpan,dustpan,Household_Objects
showerhead,showerhead,Household_Objects
doormat,doormat,Household_Objects
chandelier,chandelier,Household_Objects
lampshade,lampshade,Household_Objects
bookshelf,bookshelf,Household_Objects
nightstand,nightstand,Household_Objects
recliner,recliner,Household_Objects
wrench,wrench,Tools
screwdriver,screwdriver,Tools
drill,drill,Tools
saw,saw,Tools
chisel,chisel,Tools
pliers,pliers,Tools
level,level,Tools
sandpaper,sandpaper,Tools
crowbar,crowbar,Tools
axe,axe,Tools
shovel,shovel,Tools
rake,rake,Tools
pickaxe,pickaxe,Tools
wheelbarrow,wheelbarrow,Tools
toolbox,toolbox,Tools
clamp,clamp,Tools
vise,vise,Tools
file,file,Tools
ruler,ruler,Tools
blowtorch,blowtorch,Tools
welder,welder,Tools
grinder,grinder,Tools
sander,sander,Tools
jackhammer,jackhammer,Tools
scaffold,scaffold,Tools
forklift,forklift,Tools
crane,crane,Tools
bulldozer,bulldozer,Tools
pulley,pulley,Tools
lever,lever,Tools
gear,gear,Tools
spanner,spanner,Tools
wood,wood,Materials
metal,metal,Materials
steel,steel,Materials
copper,copper,Materials
gold,gold,Materials
silver,silver,Materials
bronze,bronze,Materials
plastic,plastic,Materials
rubber,rubber,Materials
glass,glass,Materials
ceramic,ceramic,Materials
cotton,cotton,Materials
wool,wool,Materials
silk,silk,Materials
leather,leather,Materials
concrete,concrete,Materials
cement,cement,Materials
marble,marble,Materials
granite,granite,Materials
clay,clay,Materials
gravel,gravel,Materials
brick,brick,Materials
plywood,plywood,Materials
aluminum,aluminum,Materials
titanium,titanium,Materials
nylon,nylon,Materials
polyester,polyester,Materials
velvet,velvet,Materials
denim,denim,Materials
canvas,canvas,Materials
foam,foam,Materials
wax,wax,Materials
fiberglass,fiberglass,Materials
rain,rain,Weather
snow,snow,Weather
storm,storm,Weather
thunder,thunder,Weather
lightning,lightning,Weather
wind,wind,Weather
fog,fog,Weather
mist,mist,Weather
hail,hail,Weather
frost,frost,Weather
drought,drought,Weather
flood,flood,Weather
hurricane,hurricane,Weather
tornado,tornado,Weather
blizzard,blizzard,Weather
humidity,humidity,Weather
sunshine,sunshine,Weather
rainbow,rainbow,Weather
drizzle,drizzle,Weather
breeze,breeze,Weather
gale,gale,Weather
monsoon,monsoon,Weather
heatwave,heatwave,Weather
avalanche,avalanche,Weather
sleet,sleet,Weather
dew,dew,Weather
overcast,overcast,Weather
forecast,forecast,Weather
tree,tree,Plants
flower,flower,Plants
grass,grass,Plants
bush,bush,Plants
vine,vine,Plants
moss,moss,Plants
fern,fern,Plants
cactus,cactus,Plants
rose,rose,Plants
tulip,tulip,Plants
daisy,daisy,Plants
sunflower,sunflower,Plants
orchid,orchid,Plants
lily,lily,Plants
ivy,ivy,Plants
bamboo,bamboo,Plants
oak,oak,Plants
pine,pine,Plants
maple,maple,Plants
willow,willow,Plants
palm,palm,Plants
fungus,fungus,Plants
mushroom,mushroom,Plants
algae,algae,Plants
seed,seed,Plants
root,root,Plants
leaf,leaf,Plants
branch,branch,Plants
blossom,blossom,Plants
petal,petal,Plants
thorn,thorn,Plants
herb,herb,Plants
weed,weed,Plants
shrub,shrub,Plants
sprout,sprout,Plants
water,water,Everyday
air,air,Everyday
earth,earth,Everyday
fire,fire,Everyday
day,day,Everyday
night,night,Everyday
morning,morning,Everyday
evening,evening,Everyday
time,time,Everyday
year,year,Everyday
month,month,Everyday
week,week,Everyday
season,season,Everyday
world,world,Everyday
life,life,Everyday
person,person,Everyday
people,people,Everyday
man,man,Everyday
woman,woman,Everyday
child,child,Everyday
family,family,Everyday
friend,friend,Everyday
home,home,Everyday
house,house,Everyday
room,room,Everyday
door,door,Everyday
window,window,Everyday
floor,floor,Everyday
wall,wall,Everyday
roof,roof,Everyday
street,street,Everyday
road,road,Everyday
place,place,Everyday
work,work,Everyday
job,job,Everyday
money,money,Everyday
story,story,Everyday
idea,idea,Everyday
question,question,Everyday
answer,answer,Everyday
name,name,Everyday
word,word,Everyday
number,number,Everyday
thing,thing,Everyday
way,way,Everyday
part,part,Everyday
side,side,Everyday
end,end,Everyday
beginning,beginning,Everyday
center,center,Everyday
top,top,Everyday
bottom,bottom,Everyday
hand,hand,Everyday
head,head,Everyday
face,face,Everyday
eye,eye,Everyday
ear,ear,Everyday
mouth,mouth,Everyday
hair,hair,Everyday
heart,heart,Everyday
body,body,Everyday
mind,mind,Everyday
voice,voice,Everyday
sound,sound,Everyday
light,light,Everyday
color,color,Everyday
shape,shape,Everyday
size,size,Everyday
line,line,Everyday
point,point,Everyday
group,group,Everyday
team,team,Everyday
game,game,Everyday
music,music,Everyday
picture,picture,Everyday
paper,paper,Everyday
letter,letter,Everyday
message,message,Everyday
problem,problem,Everyday
change,change,Everyday
chance,chance,Everyday
fact,fact,Everyday
example,example,Everyday
kind,kind,Everyday
type,type,Everyday
sort,sort,Everyday
amount,amount,Everyday
space,space,Everyday
area,area,Everyday
age,age,Everyday
food,food,Everyday
drink,drink,Everyday
clothes,clothes,Everyday
weather,weather,Everyday
ground,ground,Everyday
sky,sky,Everyday
heat,heat,Everyday
cold,cold,Everyday
help,help,Everyday
need,need,Everyday
use,use,Everyday
want,want,Everyday
plan,plan,Everyday
choice,choice,Everyday
result,result,Everyday
start,start,Everyday
move,move,Everyday
turn,turn,Everyday
stop,stop,Everyday
open,open,Everyday
close,close,Everyday
bring,bring,Everyday
take,take,Everyday
give,give,Everyday
make,make,Everyday
get,get,Everyday
put,put,Everyday
keep,keep,Everyday
find,find,Everyday
know,know,Everyday
think,think,Everyday
feel,feel,Everyday
see,see,Everyday
look,look,Everyday
hear,hear,Everyday
speak,speak,Everyday
read,read,Everyday
learn,learn,Everyday
teach,teach,Everyday
remember,remember,Everyday
believe,believe,Everyday
understand,understand,Everyday
the,the,Common_English
to,to,Common_English
and,and,Common_English
of,of,Common_English
in,in,Common_English
is,is,Common_English
for,for,Common_English
that,that,Common_English
you,you,Common_English
it,it,Common_English
on,on,Common_English
with,with,Common_English
this,this,Common_English
was,was,Common_English
be,be,Common_English
as,as,Common_English
are,are,Common_English
have,have,Common_English
at,at,Common_English
he,he,Common_English
not,not,Common_English
by,by,Common_English
but,but,Common_English
from,from,Common_English
my,my,Common_English
or,or,Common_English
we,we,Common_English
an,an,Common_English
your,your,Common_English
all,all,Common_English
so,so,Common_English
his,his,Common_English
they,they,Common_English
me,me,Common_English
if,if,Common_English
one,one,Common_English
can,can,Common_English
will,will,Common_English
just,just,Common_English
like,like,Common_English
about,about,Common_English
up,up,Common_English
out,out,Common_English
what,what,Common_English
has,has,Common_English
when,when,Common_English
more,more,Common_English
do,do,Common_English
no,no,Common_English
were,were,Common_English
who,who,Common_English
had,had,Common_English
its,its,Common_English
their,their,Common_English
there,there,Common_English
her,her,Common_English
which,which,Common_English
been,been,Common_English
would,would,Common_English
she,she,Common_English
new,new,Common_English
how,how,Common_English
dont,dont,Common_English
some,some,Common_English
also,also,Common_English
them,them,Common_English
now,now,Common_English
other,other,Common_English
im,im,Common_English
our,our,Common_English
than,than,Common_English
good,good,Common_English
only,only,Common_English
after,after,Common_English
first,first,Common_English
him,him,Common_English
into,into,Common_English
two,two,Common_English
over,over,Common_English
any,any,Common_English
then,then,Common_English
could,could,Common_English
back,back,Common_English
these,these,Common_English
us,us,Common_English
because,because,Common_English
go,go,Common_English
well,well,Common_English
said,said,Common_English
most,most,Common_English
much,much,Common_English
very,very,Common_English
where,where,Common_English
even,even,Common_English
should,should,Common_English
may,may,Common_English
here,here,Common_English
really,really,Common_English
did,did,Common_English
right,right,Common_English
years,years,Common_English
being,being,Common_English
too,too,Common_English
going,going,Common_English
before,before,Common_English
off,off,Common_English
why,why,Common_English
made,made,Common_English
still,still,Common_English
got,got,Common_English
many,many,Common_English
never,never,Common_English
those,those,Common_English
say,say,Common_English
down,down,Common_English
great,great,Common_English
through,through,Common_English
youre,youre,Common_English
last,last,Common_English
thats,thats,Common_English
while,while,Common_English
best,best,Common_English
such,such,Common_English
long,long,Common_English
something,something,Common_English
cant,cant,Common_English
same,same,Common_English
used,used,Common_English
both,both,Common_English
every,every,Common_English
am,am,Common_English
come,come,Common_English
state,state,Common_English
three,three,Common_English
around,around,Common_English
between,between,Common_English
always,always,Common_English
better,better,Common_English
high,high,Common_English
little,little,Common_English
old,old,Common_English
since,since,Common_English
another,another,Common_English
does,does,Common_English
own,own,Common_English
things,things,Common_English
under,under,Common_English
during,during,Common_English
ive,ive,Common_English
again,again,Common_English
next,next,Common_English
each,each,Common_English
mr,mr,Common_English
without,without,Common_English
against,against,Common_English
didnt,didnt,Common_English
found,found,Common_English
must,must,Common_English
show,show,Common_English
big,big,Common_English
sure,sure,Common_English
ever,ever,Common_English
might,might,Common_English
please,please,Common_English
free,free,Common_English
second,second,Common_English
someone,someone,Common_English
away,away,Common_English
left,left,Common_English
days,days,Common_English
lot,lot,Common_English
play,play,Common_English
until,until,Common_English
company,company,Common_English
doing,doing,Common_English
few,few,Common_English
hes,hes,Common_English
let,let,Common_English
real,real,Common_English
called,called,Common_English
different,different,Common_English
having,having,Common_English
set,set,Common_English
thought,thought,Common_English
done,done,Common_English
however,however,Common_English
getting,getting,Common_English
god,god,Common_English
government,government,Common_English
looking,looking,Common_English
public,public,Common_English
women,women,Common_English
business,business,Common_English
care,care,Common_English
system,system,Common_English
times,times,Common_English
already,already,Common_English
anything,anything,Common_English
case,case,Common_English
nothing,nothing,Common_English
today,today,Common_English
enough,enough,Common_English
everything,everything,Common_English
full,full,Common_English
live,live,Common_English
making,making,Common_English
theres,theres,Common_English
told,told,Common_English
yet,yet,Common_English
bad,bad,Common_English
doesnt,doesnt,Common_English
four,four,Common_English
hard,hard,Common_English
mean,mean,Common_English
once,once,Common_English
support,support,Common_English
tell,tell,Common_English
including,including,Common_English
seen,seen,Common_English
states,states,Common_English
based,based,Common_English
call,call,Common_English
men,men,Common_English
national,national,Common_English
small,small,Common_English
took,took,Common_English
white,white,Common_English
came,came,Common_English
far,far,Common_English
though,though,Common_English
try,try,Common_English
went,went,Common_English
yes,yes,Common_English
actually,actually,Common_English
american,american,Common_English
later,later,Common_English
less,less,Common_English
party,party,Common_English
run,run,Common_English
says,says,Common_English
service,service,Common_English
shit,shit,Common_English
thank,thank,Common_English
children,children,Common_English
everyone,everyone,Common_English
general,general,Common_English
theyre,theyre,Common_English
trying,trying,Common_English
united,united,Common_English
using,using,Common_English
black,black,Common_English
following,following,Common_English
law,law,Common_English
makes,makes,Common_English
together,together,Common_English
war,war,Common_English
whole,whole,Common_English
five,five,Common_English
maybe,maybe,Common_English
per,per,Common_English
working,working,Common_English
course,course,Common_English
games,games,Common_English
health,health,Common_English
important,important,Common_English
least,least,Common_English
means,means,Common_English
news,news,Common_English
within,within,Common_English
able,able,Common_English
early,early,Common_English
friends,friends,Common_English
ill,ill,Common_English
information,information,Common_English
local,local,Common_English
oh,oh,Common_English
post,post,Common_English
thanks,thanks,Common_English
video,video,Common_English
young,young,Common_English
ago,ago,Common_English
others,others,Common_English
social,social,Common_English
talk,talk,Common_English
court,court,Common_English
given,given,Common_English
guys,guys,Common_English
half,half,Common_English
isnt,isnt,Common_English
often,often,Common_English
single,single,Common_English
become,become,Common_English
coming,coming,Common_English
control,control,Common_English
death,death,Common_English
guy,guy,Common_English
hours,hours,Common_English
pay,pay,Common_English
south,south,Common_English
true,true,Common_English
almost,almost,Common_English
fuck,fuck,Common_English
history,history,Common_English
known,known,Common_English
large,large,Common_English
lost,lost,Common_English
research,research,Common_English
several,several,Common_English
started,started,Common_English
taking,taking,Common_English
university,university,Common_English
win,win,Common_English
wrong,wrong,Common_English
along,along,Common_English
anyone,anyone,Common_English
else,else,Common_English
girl,girl,Common_English
john,john,Common_English
matter,matter,Common_English
pretty,pretty,Common_English
bit,bit,Common_English
hit,hit,Common_English
needs,needs,Common_English
nice,nice,Common_English
playing,playing,Common_English
probably,probably,Common_English
saying,saying,Common_English
yeah,yeah,Common_English
york,york,Common_English
class,class,Common_English
comes,comes,Common_English
id,id,Common_English
international,international,Common_English
looks,looks,Common_English
past,past,Common_English
possible,possible,Common_English
wanted,wanted,Common_English
cause,cause,Common_English
due,due,Common_English
happy,happy,Common_English
human,human,Common_English
members,members,Common_English
months,months,Common_English
series,series,Common_English
wait,wait,Common_English
ask,ask,Common_English
community,community,Common_English
data,data,Common_English
late,late,Common_English
leave,leave,Common_English
north,north,Common_English
special,special,Common_English
watch,watch,Common_English
wont,wont,Common_English
either,either,Common_English
fucking,fucking,Common_English
future,future,Common_English
low,low,Common_English
million,million,Common_English
police,police,Common_English
short,short,Common_English
stay,stay,Common_English
taken,taken,Common_English
buy,buy,Common_English
deal,deal,Common_English
rather,rather,Common_English
red,red,Common_English
report,report,Common_English
soon,soon,Common_English
third,third,Common_English
whether,whether,Common_English
among,among,Common_English
check,check,Common_English
development,development,Common_English
form,form,Common_English
further,further,Common_English
minutes,minutes,Common_English
myself,myself,Common_English
services,services,Common_English
yourself,yourself,Common_English
act,act,Common_English
although,although,Common_English
asked,asked,Common_English
fun,fun,Common_English
living,living,Common_English
major,major,Common_English
media,media,Common_English
players,players,Common_English
art,art,Common_English
behind,behind,Common_English
building,building,Common_English
easy,easy,Common_English
gonna,gonna,Common_English
near,near,Common_English
non,non,Common_English
political,political,Common_English
quite,quite,Common_English
six,six,Common_English
talking,talking,Common_English
west,west,Common_English
works,works,Common_English
according,according,Common_English
available,available,Common_English
education,education,Common_English
final,final,Common_English
former,former,Common_English
front,front,Common_English
kids,kids,Common_English
list,list,Common_English
ready,ready,Common_English
sometimes,sometimes,Common_English
son,son,Common_English
wasnt,wasnt,Common_English
college,college,Common_English
current,current,Common_English
experience,experience,Common_English
heard,heard,Common_English
london,london,Common_English
meet,meet,Common_English
program,program,Common_English
baby,baby,Common_English
father,father,Common_English
march,march,Common_English
process,process,Common_English
shes,shes,Common_English
song,song,Common_English
study,study,Common_English
across,across,Common_English
action,action,Common_English
clear,clear,Common_English
gave,gave,Common_English
gets,gets,Common_English
himself,himself,Common_English
outside,outside,Common_English
self,self,Common_English
students,students,Common_English
words,words,Common_English
board,board,Common_English
cost,cost,Common_English
cut,cut,Common_English
dr,dr,Common_English
field,field,Common_English
held,held,Common_English
instead,instead,Common_English
main,main,Common_English
moment,moment,Common_English
mother,mother,Common_English
seems,seems,Common_English
thinking,thinking,Common_English
wants,wants,Common_English
de,de,Common_English
department,department,Common_English
fight,fight,Common_English
fine,fine,Common_English
force,force,Common_English
issue,issue,Common_English
played,played,Common_English
points,points,Common_English
price,price,Common_English
re,re,Common_English
rest,rest,Common_English
results,results,Common_English
shows,shows,Common_English
summer,summer,Common_English
term,term,Common_English
wife,wife,Common_English
america,america,Common_English
beautiful,beautiful,Common_English
date,date,Common_English
goes,goes,Common_English
killed,killed,Common_English
land,land,Common_English
miss,miss,Common_English
project,project,Common_English
sex,sex,Common_English
shot,shot,Common_English
site,site,Common_English
strong,strong,Common_English
youll,youll,Common_English
account,account,Common_English
co,co,Common_English
especially,especially,Common_English
eyes,eyes,Common_English
include,include,Common_English
june,june,Common_English
parents,parents,Common_English
period,period,Common_English
position,position,Common_English
record,record,Common_English
similar,similar,Common_English
total,total,Common_English
above,above,Common_English
club,club,Common_English
common,common,Common_English
died,died,Common_English
film,film,Common_English
happened,happened,Common_English
knew,knew,Common_English
lead,lead,Common_English
likely,likely,Common_English
military,military,Common_English
perfect,perfect,Common_English
personal,personal,Common_English
security,security,Common_English
share,share,Common_English
st,st,Common_English
tv,tv,Common_English
whats,whats,Common_English
won,won,Common_English
april,april,Common_English
county,county,Common_English
couple,couple,Common_English
dead,dead,Common_English
english,english,Common_English
happen,happen,Common_English
hold,hold,Common_English
industry,industry,Common_English
inside,inside,Common_English
issues,issues,Common_English
online,online,Common_English
player,player,Common_English
private,private,Common_English
problems,problems,Common_English
return,return,Common_English
rights,rights,Common_English
sense,sense,Common_English
test,test,Common_English
view,view,Common_English
weeks,weeks,Common_English
break,break,Common_English
british,british,Common_English
companies,companies,Common_English
event,event,Common_English
higher,higher,Common_English
hour,hour,Common_English
member,member,Common_English
middle,middle,Common_English
needed,needed,Common_English
present,present,Common_English
sorry,sorry,Common_English
takes,takes,Common_English
training,training,Common_English
wish,wish,Common_English
wouldnt,wouldnt,Common_English
boy,boy,Common_English
design,design,Common_English
finally,finally,Common_English
girls,girls,Common_English
gone,gone,Common_English
guess,guess,Common_English
interest,interest,Common_English
july,july,Common_English
king,king,Common_English
policy,policy,Common_English
society,society,Common_English
added,added,Common_English
al,al,Common_English
alone,alone,Common_English
average,average,Common_English
brought,brought,Common_English
certain,certain,Common_English
east,east,Common_English
hands,hands,Common_English
hot,hot,Common_English
lets,lets,Common_English
longer,longer,Common_English
medical,medical,Common_English
original,original,Common_English
press,press,Common_English
received,received,Common_English
role,role,Common_English
sent,sent,Common_English
themselves,themselves,Common_English
tried,tried,Common_English
worked,worked,Common_English
worth,worth,Common_English
areas,areas,Common_English
became,became,Common_English
bill,bill,Common_English
books,books,Common_English
cool,cool,Common_English
director,director,Common_English
exactly,exactly,Common_English
giving,giving,Common_English
meeting,meeting,Common_English
provide,provide,Common_English
questions,questions,Common_English
relationship,relationship,Common_English
september,september,Common_English
source,source,Common_English
usually,usually,Common_English
value,value,Common_English
evidence,evidence,Common_English
follow,follow,Common_English
lives,lives,Common_English
official,official,Common_English
ok,ok,Common_English
production,production,Common_English
rate,rate,Common_English
round,round,Common_English
save,save,Common_English
stand,stand,Common_English
stuff,stuff,Common_English
tax,tax,Common_English
whatever,whatever,Common_English
blue,blue,Common_English
countries,countries,Common_English
david,david,Common_English
drive,drive,Common_English
eat,eat,Common_English
fall,fall,Common_English
fast,fast,Common_English
federal,federal,Common_English
feeling,feeling,Common_English
felt,felt,Common_English
green,green,Common_English
league,league,Common_English
management,management,Common_English
match,match,Common_English
model,model,Common_English
step,step,Common_English
youve,youve,Common_English
central,central,Common_English
changes,changes,Common_English
england,england,Common_English
forward,forward,Common_English
groups,groups,Common_English
hey,hey,Common_English
mom,mom,Common_English
page,page,Common_English
paid,paid,Common_English
range,range,Common_English
review,review,Common_English
science,science,Common_English
trade,trade,Common_English
uk,uk,Common_English
upon,upon,Common_English
various,various,Common_English
attention,attention,Common_English
brother,brother,Common_English
cannot,cannot,Common_English
character,character,Common_English
chief,chief,Common_English
havent,havent,Common_English
james,james,Common_English
led,led,Common_English
looked,looked,Common_English
lower,lower,Common_English
natural,natural,Common_English
october,october,Common_English
property,property,Common_English
quality,quality,Common_English
send,send,Common_English
style,style,Common_English
vote,vote,Common_English
amazing,amazing,Common_English
august,august,Common_English
blood,blood,Common_English
china,china,Common_English
complete,complete,Common_English
economic,economic,Common_English
hell,hell,Common_English
involved,involved,Common_English
itself,itself,Common_English
language,language,Common_English
lord,lord,Common_English
november,november,Common_English
oil,oil,Common_English
related,related,Common_English
serious,serious,Common_English
stage,stage,Common_English
terms,terms,Common_English
title,title,Common_English
add,add,Common_English
article,article,Common_English
attack,attack,Common_English
born,born,Common_English
couldnt,couldnt,Common_English
damn,damn,Common_English
decided,decided,Common_English
decision,decision,Common_English
enjoy,enjoy,Common_English
entire,entire,Common_English
french,french,Common_English
january,january,Common_English
kill,kill,Common_English
met,met,Common_English
perhaps,perhaps,Common_English
poor,poor,Common_English
release,release,Common_English
situation,situation,Common_English
technology,technology,Common_English
turned,turned,Common_English
website,website,Common_English
written,written,Common_English
code,code,Common_English
considered,considered,Common_English
continue,continue,Common_English
council,council,Common_English
cover,cover,Common_English
currently,currently,Common_English
election,election,Common_English
european,european,Common_English
events,events,Common_English
financial,financial,Common_English
foreign,foreign,Common_English
increase,increase,Common_English
legal,legal,Common_English
lose,lose,Common_English
michael,michael,Common_English
pick,pick,Common_English
race,race,Common_English
seem,seem,Common_English
seven,seven,Common_English
sign,sign,Common_English
simple,simple,Common_English
simply,simply,Common_English
staff,staff,Common_English
super,super,Common_English
union,union,Common_English
walk,walk,Common_English
washington,washington,Common_English
bed,bed,Common_English
began,began,Common_English
built,built,Common_English
career,career,Common_English
changed,changed,Common_English
crazy,crazy,Common_English
daily,daily,Common_English
daughter,daughter,Common_English
december,december,Common_English
die,die,Common_English
difficult,difficult,Common_English
figure,figure,Common_English
knows,knows,Common_English
loss,loss,Common_English
modern,modern,Common_English
ones,ones,Common_English
parts,parts,Common_English
popular,popular,Common_English
published,published,Common_English
safe,safe,Common_English
starting,starting,Common_English
systems,systems,Common_English
version,version,Common_English
whose,whose,Common_English
army,army,Common_English
australia,australia,Common_English
forget,forget,Common_English
goal,goal,Common_English
huge,huge,Common_English
listen,listen,Common_English
okay,okay,Common_English
practice,practice,Common_English
rules,rules,Common_English
sir,sir,Common_English
success,success,Common_English
towards,towards,Common_English
waiting,waiting,Common_English
ways,ways,Common_English
access,access,Common_English
arent,arent,Common_English
base,base,Common_English
below,below,Common_English
created,created,Common_English
deep,deep,Common_English
followed,followed,Common_English
la,la,Common_English
lol,lol,Common_English
mark,mark,Common_English
missing,missing,Common_English
offer,offer,Common_English
pass,pass,Common_English
professional,professional,Common_English
released,released,Common_English
risk,risk,Common_English
schools,schools,Common_English
sleep,sleep,Common_English
ten,ten,Common_English
ball,ball,Common_English
build,build,Common_English
card,card,Common_English
cases,cases,Common_English
dark,dark,Common_English
europe,europe,Common_English
george,george,Common_English
india,india,Common_English
mine,mine,Common_English
minister,minister,Common_English
note,note,Common_English
percent,percent,Common_English
piece,piece,Common_English
products,products,Common_English
recent,recent,Common_English
seeing,seeing,Common_English
straight,straight,Common_English
visit,visit,Common_English
wanna,wanna,Common_English
weve,weve,Common_English
wrote,wrote,Common_English
allowed,allowed,Common_English
boys,boys,Common_English
culture,culture,Common_English
etc,etc,Common_English
fans,fans,Common_English
february,february,Common_English
gives,gives,Common_English
growth,growth,Common_English
included,included,Common_English
married,married,Common_English
officer,officer,Common_English
pain,pain,Common_English
paul,paul,Common_English
places,places,Common_English
respect,respect,Common_English
response,response,Common_English
rock,rock,Common_English
shall,shall,Common_English
specific,specific,Common_English
standard,standard,Common_English
tonight,tonight,Common_English
write,write,Common_English
album,album,Common_English
century,century,Common_English
charge,charge,Common_English
create,create,Common_English
effect,effect,Common_English
eight,eight,Common_English
except,except,Common_English
funny,funny,Common_English
ii,ii,Common_English
limited,limited,Common_English
moving,moving,Common_English
provided,provided,Common_English
recently,recently,Common_English
required,required,Common_English
sales,sales,Common_English
spent,spent,Common_English
store,store,Common_English
student,student,Common_English
tomorrow,tomorrow,Common_English
track,track,Common_English
via,via,Common_English
watching,watching,Common_English
weight,weight,Common_English
addition,addition,Common_English
ahead,ahead,Common_English
allow,allow,Common_English
anti,anti,Common_English
association,association,Common_English
beat,beat,Common_English
brown,brown,Common_English
chinese,chinese,Common_English
committee,committee,Common_English
conference,conference,Common_English
difference,difference,Common_English
double,double,Common_English
expect,expect,Common_English
gas,gas,Common_English
moved,moved,Common_English
normal,normal,Common_English
plans,plans,Common_English
potential,potential,Common_English
russian,russian,Common_English
text,text,Common_English
treatment,treatment,Common_English
western,western,Common_English
ass,ass,Common_English
california,california,Common_English
campaign,campaign,Common_English
certainly,certainly,Common_English
completely,completely,Common_English
content,content,Common_English
credit,credit,Common_English
cross,cross,Common_English
described,described,Common_English
despite,despite,Common_English
female,female,Common_English
focus,focus,Common_English
hi,hi,Common_English
husband,husband,Common_English
ice,ice,Common_English
individual,individual,Common_English
interesting,interesting,Common_English
join,join,Common_English
kept,kept,Common_English
leading,leading,Common_English
loved,loved,Common_English
miles,miles,Common_English
nearly,nearly,Common_English
particular,particular,Common_English
previous,previous,Common_English
quickly,quickly,Common_English
reported,reported,Common_English
section,section,Common_English
speed,speed,Common_English
travel,travel,Common_English
consider,consider,Common_English
contact,contact,Common_English
drop,drop,Common_English
fair,fair,Common_English
feet,feet,Common_English
jesus,jesus,Common_English
kid,kid,Common_English
link,link,Common_English
positive,positive,Common_English
sale,sale,Common_English
throughout,throughout,Common_English
tour,tour,Common_English
welcome,welcome,Common_English
absolutely,absolutely,Common_English
additional,additional,Common_English
beyond,beyond,Common_English
conditions,conditions,Common_English
earlier,earlier,Common_English
extra,extra,Common_English
forces,forces,Common_English
immediately,immediately,Common_English
jobs,jobs,Common_English
leaving,leaving,Common_English
minute,minute,Common_English
nature,nature,Common_English
numbers,numbers,Common_English
quick,quick,Common_English
sell,sell,Common_English
significant,significant,Common_English
studies,studies,Common_English
unless,unless,Common_English
winning,winning,Common_English
agree,agree,Common_English
canada,canada,Common_English
clean,clean,Common_English
construction,construction,Common_English
episode,episode,Common_English
favorite,favorite,Common_English
income,income,Common_English
levels,levels,Common_English
manager,manager,Common_English
movement,movement,Common_English
photo,photo,Common_English
posted,posted,Common_English
safety,safety,Common_English
san,san,Common_English
scene,scene,Common_English
sold,sold,Common_English
sounds,sounds,Common_English
spend,spend,Common_English
statement,statement,Common_English
teams,teams,Common_English
ability,ability,Common_English
announced,announced,Common_English
asking,asking,Common_English
calling,calling,Common_English
collection,collection,Common_English
continued,continued,Common_English
costs,costs,Common_English
definitely,definitely,Common_English
designed,designed,Common_English
expected,expected,Common_English
friday,friday,Common_English
gun,gun,Common_English
happens,happens,Common_English
heavy,heavy,Common_English
includes,includes,Common_English
particularly,particularly,Common_English
search,search,Common_English
subject,subject,Common_English
wide,wide,Common_English
wow,wow,Common_English
author,author,Common_English
centre,centre,Common_English
claim,claim,Common_English
dad,dad,Common_English
developed,developed,Common_English
fit,fit,Common_English
generally,generally,Common_English
german,german,Common_English
global,global,Common_English
goals,goals,Common_English
gotta,gotta,Common_English
interested,interested,Common_English
lady,lady,Common_English
leader,leader,Common_English
lines,lines,Common_English
material,material,Common_English
named,named,Common_English
nobody,nobody,Common_English
opportunity,opportunity,Common_English
plus,plus,Common_English
pre,pre,Common_English
product,product,Common_English
regular,regular,Common_English
secretary,secretary,Common_English
sister,sister,Common_English
stories,stories,Common_English
unit,unit,Common_English
workers,workers,Common_English
annual,annual,Common_English
anymore,anymore,Common_English
bar,bar,Common_English
battle,battle,Common_English
brain,brain,Common_English
contract,contract,Common_English
degree,degree,Common_English
families,families,Common_English
features,features,Common_English
finished,finished,Common_English
france,france,Common_English
growing,growing,Common_English
hurt,hurt,Common_English
image,image,Common_English
insurance,insurance,Common_English
majority,majority,Common_English
meant,meant,Common_English
opening,opening,Common_English
opinion,opinion,Common_English
physical,physical,Common_English
pro,pro,Common_English
reach,reach,Common_English
rule,rule,Common_English
seriously,seriously,Common_English
sports,sports,Common_English
stupid,stupid,Common_English
successful,successful,Common_English
active,active,Common_English
administration,administration,Common_English
approach,approach,Common_English
australian,australian,Common_English
biggest,biggest,Common_English
cancer,cancer,Common_English
civil,civil,Common_English
dance,dance,Common_English
defense,defense,Common_English
direction,direction,Common_English
independent,independent,Common_English
master,master,Common_English
none,none,Common_English
reasons,reasons,Common_English
russia,russia,Common_English
stock,stock,Common_English
trump,trump,Common_English
weekend,weekend,Common_English
wonder,wonder,Common_English
worst,worst,Common_English
africa,africa,Common_English
awesome,awesome,Common_English
band,band,Common_English
beach,beach,Common_English
cash,cash,Common_English
clearly,clearly,Common_English
commercial,commercial,Common_English
compared,compared,Common_English
effort,effort,Common_English
ended,ended,Common_English
fan,fan,Common_English
fighting,fighting,Common_English
imagine,imagine,Common_English
impact,impact,Common_English
lack,lack,Common_English
latest,latest,Common_English
learning,learning,Common_English
multiple,multiple,Common_English
older,older,Common_English
operation,operation,Common_English
organization,organization,Common_English
passed,passed,Common_English
pictures,pictures,Common_English
protect,protect,Common_English
secret,secret,Common_English
senior,senior,Common_English
spring,spring,Common_English
sunday,sunday,Common_English
telling,telling,Common_English
wear,wear,Common_English
activities,activities,Common_English
address,address,Common_English
analysis,analysis,Common_English
anyway,anyway,Common_English
bought,bought,Common_English
calls,calls,Common_English
choose,choose,Common_English
christmas,christmas,Common_English
commission,commission,Common_English
competition,competition,Common_English
details,details,Common_English
direct,direct,Common_English
easily,easily,Common_English
finish,finish,Common_English
grand,grand,Common_English
heres,heres,Common_English
increased,increased,Common_English
indian,indian,Common_English
literally,literally,Common_English
luck,luck,Common_English
marriage,marriage,Common_English
names,names,Common_English
necessary,necessary,Common_English
patients,patients,Common_English
resources,resources,Common_English
rich,rich,Common_English
skin,skin,Common_English
speaking,speaking,Common_English
supposed,supposed,Common_English
sweet,sweet,Common_English
thus,thus,Common_English
touch,touch,Common_English
yesterday,yesterday,Common_English
caught,caught,Common_English
closed,closed,Common_English
congress,congress,Common_English
damage,damage,Common_English
directly,directly,Common_English
disease,disease,Common_English
doubt,doubt,Common_English
driving,driving,Common_English
established,established,Common_English
facebook,facebook,Common_English
feels,feels,Common_English
gay,gay,Common_English
germany,germany,Common_English
glad,glad,Common_English
greater,greater,Common_English
grow,grow,Common_English
largest,largest,Common_English
machine,machine,Common_English
notice,notice,Common_English
overall,overall,Common_English
planning,planning,Common_English
programs,programs,Common_English
records,records,Common_English
reports,reports,Common_English
shown,shown,Common_English
sit,sit,Common_English
trip,trip,Common_English
associated,associated,Common_English
basic,basic,Common_English
captain,captain,Common_English
carry,carry,Common_English
cars,cars,Common_English
crime,crime,Common_English
effective,effective,Common_English
effects,effects,Common_English
explain,explain,Common_English
fully,fully,Common_English
highly,highly,Common_English
holding,holding,Common_English
japan,japan,Common_English
laws,laws,Common_English
male,male,Common_English
mrs,mrs,Common_English
parties,parties,Common_English
plant,plant,Common_English
smith,smith,Common_English
spot,spot,Common_English
texas,texas,Common_English
winter,winter,Common_English
worse,worse,Common_English
advice,advice,Common_English
agreement,agreement,Common_English
aint,aint,Common_English
award,award,Common_English
block,block,Common_English
broken,broken,Common_English
caused,caused,Common_English
challenge,challenge,Common_English
characters,characters,Common_English
christian,christian,Common_English
comment,comment,Common_English
equipment,equipment,Common_English
eventually,eventually,Common_English
helped,helped,Common_English
holy,holy,Common_English
killing,killing,Common_English
lived,lived,Common_English
lots,lots,Common_English
otherwise,otherwise,Common_English
peter,peter,Common_English
prices,prices,Common_English
primary,primary,Common_English
purpose,purpose,Common_English
rates,rates,Common_English
responsible,responsible,Common_English
shop,shop,Common_English
showing,showing,Common_English
sick,sick,Common_English
uses,uses,Common_English
william,william,Common_English
agency,agency,Common_English
avoid,avoid,Common_English
catch,catch,Common_English
coast,coast,Common_English
comments,comments,Common_English
drug,drug,Common_English
economy,economy,Common_English
environment,environment,Common_English
executive,executive,Common_English
foot,foot,Common_English
hall,hall,Common_English
mass,mass,Common_English
meaning,meaning,Common_English
mission,mission,Common_English
nine,nine,Common_English
officers,officers,Common_English
operations,operations,Common_English
politics,politics,Common_English
pop,pop,Common_English
produced,produced,Common_English
ran,ran,Common_English
saturday,saturday,Common_English
status,status,Common_English
therefore,therefore,Common_English
trial,trial,Common_English
truly,truly,Common_English
activity,activity,Common_English
app,app,Common_English
claims,claims,Common_English
complex,complex,Common_English
condition,condition,Common_English
division,division,Common_English
flight,flight,Common_English
google,google,Common_English
highest,highest,Common_English
located,located,Common_English
location,location,Common_English
murder,murder,Common_English
obama,obama,Common_English
offered,offered,Common_English
putting,putting,Common_English
queen,queen,Common_English
seconds,seconds,Common_English
showed,showed,Common_English
sitting,sitting,Common_English
standing,standing,Common_English
stars,stars,Common_English
accept,accept,Common_English
actual,actual,Common_English
appear,appear,Common_English
attempt,attempt,Common_English
broke,broke,Common_English
channel,channel,Common_English
distance,distance,Common_English
exchange,exchange,Common_English
fat,fat,Common_English
fell,fell,Common_English
finding,finding,Common_English
learned,learned,Common_English
losing,losing,Common_English
mobile,mobile,Common_English
northern,northern,Common_English
opened,opened,Common_English
placed,placed,Common_English
powerful,powerful,Common_English
prior,prior,Common_English
protection,protection,Common_English
reached,reached,Common_English
receive,receive,Common_English
religious,religious,Common_English
ride,ride,Common_English
robert,robert,Common_English
royal,royal,Common_English
screen,screen,Common_English
serve,serve,Common_English
signed,signed,Common_English
slow,slow,Common_English
species,species,Common_English
speech,speech,Common_English
traffic,traffic,Common_English
types,types,Common_English
vs,vs,Common_English
wearing,wearing,Common_English
whos,whos,Common_English
whom,whom,Common_English
wonderful,wonderful,Common_English
agreed,agreed,Common_English
animals,animals,Common_English
appears,appears,Common_English
begin,begin,Common_English
benefits,benefits,Common_English
cities,cities,Common_English
demand,demand,Common_English
engine,engine,Common_English
everybody,everybody,Common_English
famous,famous,Common_English
ideas,ideas,Common_English
investment,investment,Common_English
keeping,keeping,Common_English
lie,lie,Common_English
notes,notes,Common_English
partner,partner,Common_English
plays,plays,Common_English
raised,raised,Common_English
runs,runs,Common_English
sad,sad,Common_English
solution,solution,Common_English
songs,songs,Common_English
sources,sources,Common_English
southern,southern,Common_English
square,square,Common_English
stopped,stopped,Common_English
structure,structure,Common_English
thomas,thomas,Common_English
traditional,traditional,Common_English
twice,twice,Common_English
americans,americans,Common_English
appeared,appeared,Common_English
becomes,becomes,Common_English
brand,brand,Common_English
cent,cent,Common_English
chicago,chicago,Common_English
count,count,Common_English
covered,covered,Common_English
critical,critical,Common_English
digital,digital,Common_English
forced,forced,Common_English
fourth,fourth,Common_English
fresh,fresh,Common_English
mental,mental,Common_English
mentioned,mentioned,Common_English
missed,missed,Common_English
mostly,mostly,Common_English
owner,owner,Common_English
photos,photos,Common_English
previously,previously,Common_English
realize,realize,Common_English
remain,remain,Common_English
scale,scale,Common_English
score,score,Common_English
separate,separate,Common_English
smart,smart,Common_English
starts,starts,Common_English
surface,surface,Common_English
throw,throw,Common_English
tom,tom,Common_English
totally,totally,Common_English
twitter,twitter,Common_English
views,views,Common_English
youd,youd,Common_English
acting,acting,Common_English
actions,actions,Common_English
african,african,Common_English
arms,arms,Common_English
benefit,benefit,Common_English
budget,budget,Common_English
click,click,Common_English
estate,estate,Common_English
failed,failed,Common_English
fashion,fashion,Common_English
feature,feature,Common_English
fund,fund,Common_English
generation,generation,Common_English
hearing,hearing,Common_English
jack,jack,Common_English
larger,larger,Common_English
louis,louis,Common_English
mid,mid,Common_English
paris,paris,Common_English
profile,profile,Common_English
pull,pull,Common_English
push,push,Common_English
returned,returned,Common_English
seat,seat,Common_English
seemed,seemed,Common_English
sexual,sexual,Common_English
shouldnt,shouldnt,Common_English
target,target,Common_English
understanding,understanding,Common_English
agent,agent,Common_English
animal,animal,Common_English
apply,apply,Common_English
authority,authority,Common_English
basis,basis,Common_English
becoming,becoming,Common_English
chris,chris,Common_English
draw,draw,Common_English
dude,dude,Common_English
employees,employees,Common_English
enter,enter,Common_English
ex,ex,Common_English
follows,follows,Common_English
gain,gain,Common_English
http,http,Common_English
individuals,individuals,Common_English
japanese,japanese,Common_English
leaders,leaders,Common_English
prime,prime,Common_English
projects,projects,Common_English
ring,ring,Common_English
rise,rise,Common_English
selling,selling,Common_English
served,served,Common_English
soul,soul,Common_English
spread,spread,Common_English
supply,supply,Common_English
waste,waste,Common_English
weird,weird,Common_English
adult,adult,Common_English
apparently,apparently,Common_English
chairman,chairman,Common_English
edition,edition,Common_English
engineering,engineering,Common_English
grade,grade,Common_English
happening,happening,Common_English
healthy,healthy,Common_English
institute,institute,Common_English
method,method,Common_English
mike,mike,Common_English
monday,monday,Common_English
nations,nations,Common_English
obviously,obviously,Common_English
option,option,Common_English
provides,provides,Common_English
remains,remains,Common_English
senate,senate,Common_English
smaller,smaller,Common_English
somebody,somebody,Common_English
stone,stone,Common_English
strength,strength,Common_English
users,users,Common_English
wild,wild,Common_English
winner,winner,Common_English
arrived,arrived,Common_English
bet,bet,Common_English
camp,camp,Common_English
cast,cast,Common_English
christ,christ,Common_English
continues,continues,Common_English
correct,correct,Common_English
dangerous,dangerous,Common_English
ed,ed,Common_English
extremely,extremely,Common_English
firm,firm,Common_English
greatest,greatest,Common_English
handle,handle,Common_English
improve,improve,Common_English
indeed,indeed,Common_English
leaves,leaves,Common_English
movies,movies,Common_English
negative,negative,Common_English
prevent,prevent,Common_English
removed,removed,Common_English
richard,richard,Common_English
spirit,spirit,Common_English
till,till,Common_English
trouble,trouble,Common_English
usa,usa,Common_English
videos,videos,Common_English
advantage,advantage,Common_English
apart,apart,Common_English
aware,aware,Common_English
customers,customers,Common_English
decide,decide,Common_English
dinner,dinner,Common_English
dollars,dollars,Common_English
eastern,eastern,Common_English
fifth,fifth,Common_English
function,function,Common_English
gift,gift,Common_English
helping,helping,Common_English
herself,herself,Common_English
impossible,impossible,Common_English
influence,influence,Common_English
items,items,Common_English
joe,joe,Common_English
los,los,Common_English
marketing,marketing,Common_English
mary,mary,Common_English
materials,materials,Common_English
nor,nor,Common_English
produce,produce,Common_English
progress,progress,Common_English
proud,proud,Common_English
require,require,Common_English
shooting,shooting,Common_English
shut,shut,Common_English
standards,standards,Common_English
tells,tells,Common_English
thinks,thinks,Common_English
background,background,Common_English
birth,birth,Common_English
carried,carried,Common_English
charles,charles,Common_English
classes,classes,Common_English
completed,completed,Common_English
concept,concept,Common_English
copy,copy,Common_English
dear,dear,Common_English
dogs,dogs,Common_English
drugs,drugs,Common_English
efforts,efforts,Common_English
host,host,Common_English
housing,housing,Common_English
inc,inc,Common_English
israel,israel,Common_English
journal,journal,Common_English
labor,labor,Common_English
leadership,leadership,Common_English
length,length,Common_English
lucky,lucky,Common_English
neither,neither,Common_English
onto,onto,Common_English
patient,patient,Common_English
possibly,possibly,Common_English
prove,prove,Common_English
rare,rare,Common_English
setting,setting,Common_English
skills,skills,Common_English
thousands,thousands,Common_English
tough,tough,Common_English
units,units,Common_English
ad,ad,Common_English
alive,alive,Common_English
birthday,birthday,Common_English
bitch,bitch,Common_English
boss,boss,Common_English
cards,cards,Common_English
changing,changing,Common_English
connection,connection,Common_English
easier,easier,Common_English
fellow,fellow,Common_English
florida,florida,Common_English
knowing,knowing,Common_English
liked,liked,Common_English
managed,managed,Common_English
net,net,Common_English
owned,owned,Common_English
request,request,Common_English
stick,stick,Common_English
theyve,theyve,Common_English
turns,turns,Common_English
vehicle,vehicle,Common_English
volume,volume,Common_English
wake,wake,Common_English
aid,aid,Common_English
believed,believed,Common_English
billion,billion,Common_English
busy,busy,Common_English
buying,buying,Common_English
cells,cells,Common_English
concerned,concerned,Common_English
conversation,conversation,Common_English
corner,corner,Common_English
criminal,criminal,Common_English
cultural,cultural,Common_English
develop,develop,Common_English
driver,driver,Common_English
ends,ends,Common_English
existing,existing,Common_English
fix,fix,Common_English
fly,fly,Common_English
frank,frank,Common_English
guide,guide,Common_English
images,images,Common_English
investigation,investigation,Common_English
mexico,mexico,Common_English
operating,operating,Common_English
paying,paying,Common_English
presented,presented,Common_English
raise,raise,Common_English
responsibility,responsibility,Common_English
roll,roll,Common_English
slightly,slightly,Common_English
suggest,suggest,Common_English
technical,technical,Common_English
thoughts,thoughts,Common_English
treat,treat,Common_English
unique,unique,Common_English
variety,variety,Common_English
violence,violence,Common_English
weapons,weapons,Common_English
yours,yours,Common_English
youth,youth,Common_English
nd,nd,Common_English
appreciate,appreciate,Common_English
bigger,bigger,Common_English
breaking,breaking,Common_English
discovered,discovered,Common_English
dry,dry,Common_English
edge,edge,Common_English
evil,evil,Common_English
excited,excited,Common_English
forever,forever,Common_English
funds,funds,Common_English
helps,helps,Common_English
henry,henry,Common_English
injury,injury,Common_English
lovely,lovely,Common_English
mad,mad,Common_English
magazine,magazine,Common_English
martin,martin,Common_English
models,models,Common_English
offers,offers,Common_English
ordered,ordered,Common_English
parliament,parliament,Common_English
prepared,prepared,Common_English
reference,reference,Common_English
religion,religion,Common_English
sites,sites,Common_English
somewhere,somewhere,Common_English
stated,stated,Common_English
strategy,strategy,Common_English
teachers,teachers,Common_English
web,web,Common_English
wine,wine,Common_English
accounts,accounts,Common_English
angeles,angeles,Common_English
arm,arm,Common_English
blog,blog,Common_English
closer,closer,Common_English
core,core,Common_English
democratic,democratic,Common_English
description,description,Common_English
dropped,dropped,Common_English
excellent,excellent,Common_English
exist,exist,Common_English
figures,figures,Common_English
forms,forms,Common_English
guard,guard,Common_English
honest,honest,Common_English
issued,issued,Common_English
joined,joined,Common_English
jones,jones,Common_English
lee,lee,Common_English
lies,lies,Common_English
likes,likes,Common_English
medicine,medicine,Common_English
mention,mention,Common_English
nuclear,nuclear,Common_English
orders,orders,Common_English
port,port,Common_English
presence,presence,Common_English
reduce,reduce,Common_English
shoot,shoot,Common_English
sides,sides,Common_English
solid,solid,Common_English
spanish,spanish,Common_English
sport,sport,Common_English
steps,steps,Common_English
stress,stress,Common_English
taste,taste,Common_English
afternoon,afternoon,Common_English
assistant,assistant,Common_English
britain,britain,Common_English
citizens,citizens,Common_English
classic,classic,Common_English
decisions,decisions,Common_English
electric,electric,Common_English
emergency,emergency,Common_English
entered,entered,Common_English
entirely,entirely,Common_English
facts,facts,Common_English
failure,failure,Common_English
flat,flat,Common_English
fuel,fuel,Common_English
harry,harry,Common_English
hello,hello,Common_English
houses,houses,Common_English
initial,initial,Common_English
introduced,introduced,Common_English
johnson,johnson,Common_English
kick,kick,Common_English
links,links,Common_English
mail,mail,Common_English
massive,massive,Common_English
matters,matters,Common_English
pair,pair,Common_English
picked,picked,Common_English
pieces,pieces,Common_English
plane,plane,Common_English
plenty,plenty,Common_English
prince,prince,Common_English
proper,proper,Common_English
providing,providing,Common_English
quarter,quarter,Common_English
regional,regional,Common_English
scott,scott,Common_English
session,session,Common_English
toward,toward,Common_English
transfer,transfer,Common_English
upper,upper,Common_English
useful,useful,Common_English
watched,watched,Common_English
willing,willing,Common_English
windows,windows,Common_English
zone,zone,Common_English
accident,accident,Common_English
advanced,advanced,Common_English
alternative,alternative,Common_English
anywhere,anywhere,Common_English
articles,articles,Common_English
awards,awards,Common_English
bringing,bringing,Common_English
capacity,capacity,Common_English
cheap,cheap,Common_English
communities,communities,Common_English
discussion,discussion,Common_English
duty,duty,Common_English
fantastic,fantastic,Common_English
feelings,feelings,Common_English
flying,flying,Common_English
governor,governor,Common_English
hasnt,hasnt,Common_English
hundred,hundred,Common_English
industrial,industrial,Common_English
joint,joint,Common_English
mix,mix,Common_English
options,options,Common_English
path,path,Common_English
plants,plants,Common_English
policies,policies,Common_English
promise,promise,Common_English
proposed,proposed,Common_English
purchase,purchase,Common_English
remove,remove,Common_English
signs,signs,Common_English
spending,spending,Common_English
steve,steve,Common_English
supporting,supporting,Common_English
terrible,terrible,Common_English
theyll,theyll,Common_English
tired,tired,Common_English
treated,treated,Common_English
turning,turning,Common_English
vice,vice,Common_English
warm,warm,Common_English
afraid,afraid,Common_English
arts,arts,Common_English
beer,beer,Common_English
canadian,canadian,Common_English
command,command,Common_English
crew,crew,Common_English
crowd,crowd,Common_English
dating,dating,Common_English
dick,dick,Common_English
elements,elements,Common_English
enemy,enemy,Common_English
ensure,ensure,Common_English
environmental,environmental,Common_English
filled,filled,Common_English
fixed,fixed,Common_English
intelligence,intelligence,Common_English
intended,intended,Common_English
labour,labour,Common_English
limit,limit,Common_English
powers,powers,Common_English
profit,profit,Common_English
proof,proof,Common_English
republican,republican,Common_English
soldiers,soldiers,Common_English
wins,wins,Common_English
womens,womens,Common_English
appearance,appearance,Common_English
asian,asian,Common_English
attorney,attorney,Common_English
banks,banks,Common_English
behavior,behavior,Common_English
ben,ben,Common_English
bodies,bodies,Common_English
brothers,brothers,Common_English
buildings,buildings,Common_English
creating,creating,Common_English
debt,debt,Common_English
domestic,domestic,Common_English
expensive,expensive,Common_English
grew,grew,Common_English
historical,historical,Common_English
homes,homes,Common_English
honestly,honestly,Common_English
jump,jump,Common_English
launch,launch,Common_English
listed,listed,Common_English
minimum,minimum,Common_English
native,native,Common_English
noted,noted,Common_English
originally,originally,Common_English
planned,planned,Common_English
pm,pm,Common_English
ray,ray,Common_English
sets,sets,Common_English
suddenly,suddenly,Common_English
supreme,supreme,Common_English
survey,survey,Common_English
tech,tech,Common_English
trees,trees,Common_English
update,update,Common_English
user,user,Common_English
yellow,yellow,Common_English
younger,younger,Common_English
ancient,ancient,Common_English
attacks,attacks,Common_English
charges,charges,Common_English
combined,combined,Common_English
communication,communication,Common_English
connected,connected,Common_English
contains,contains,Common_English
email,email,Common_English
ending,ending,Common_English
express,express,Common_English
flow,flow,Common_English
formed,formed,Common_English
girlfriend,girlfriend,Common_English
hero,hero,Common_English
illegal,illegal,Common_English
increasing,increasing,Common_English
joke,joke,Common_English
loan,loan,Common_English
methods,methods,Common_English
officials,officials,Common_English
peoples,peoples,Common_English
performed,performed,Common_English
relationships,relationships,Common_English
scotland,scotland,Common_English
selected,selected,Common_English
shared,shared,Common_English
soft,soft,Common_English
stuck,stuck,Common_English
suggested,suggested,Common_English
supported,supported,Common_English
surprised,surprised,Common_English
taught,taught,Common_English
transport,transport,Common_English
werent,werent,Common_English
accepted,accepted,Common_English
adding,adding,Common_English
affairs,affairs,Common_English
allows,allows,Common_English
appeal,appeal,Common_English
applied,applied,Common_English
appropriate,appropriate,Common_English
artists,artists,Common_English
boston,boston,Common_English
ca,ca,Common_English
confirmed,confirmed,Common_English
device,device,Common_English
entry,entry,Common_English
era,era,Common_English
factor,factor,Common_English
feed,feed,Common_English
golden,golden,Common_English
grant,grant,Common_English
grown,grown,Common_English
heads,heads,Common_English
hoping,hoping,Common_English
keeps,keeps,Common_English
legs,legs,Common_English
lying,lying,Common_English
measures,measures,Common_English
mistake,mistake,Common_English
ms,ms,Common_English
muslim,muslim,Common_English
organizations,organizations,Common_English
platform,platform,Common_English
pool,pool,Common_English
pulled,pulled,Common_English
regarding,regarding,Common_English
relations,relations,Common_English
requires,requires,Common_English
route,route,Common_English
saved,saved,Common_English
schedule,schedule,Common_English
scientific,scientific,Common_English
shoes,shoes,Common_English
smoke,smoke,Common_English
squad,squad,Common_English
testing,testing,Common_English
tests,tests,Common_English
values,values,Common_English
walked,walked,Common_English
williams,williams,Common_English
ya,ya,Common_English
abuse,abuse,Common_English
angry,angry,Common_English
businesses,businesses,Common_English
candidate,candidate,Common_English
comfortable,comfortable,Common_English
concern,concern,Common_English
developing,developing,Common_English
discuss,discuss,Common_English
elections,elections,Common_English
emotional,emotional,Common_English
et,et,Common_English
everywhere,everywhere,Common_English
facilities,facilities,Common_English
falling,falling,Common_English
guns,guns,Common_English
hole,hole,Common_English
holiday,holiday,Common_English
interests,interests,Common_English
internal,internal,Common_English
ireland,ireland,Common_English
italian,italian,Common_English
italy,italy,Common_English
jersey,jersey,Common_English
laugh,laugh,Common_English
leg,leg,Common_English
letters,letters,Common_English
liberal,liberal,Common_English
listening,listening,Common_English
ll,ll,Common_English
loves,loves,Common_English
lunch,lunch,Common_English
max,max,Common_English
pack,pack,Common_English
payment,payment,Common_English
perform,perform,Common_English
recorded,recorded,Common_English
relatively,relatively,Common_English
sector,sector,Common_English
sharing,sharing,Common_English
streets,streets,Common_English
strike,strike,Common_English
studio,studio,Common_English
sub,sub,Common_English
weak,weak,Common_English
youtube,youtube,Common_English
rd,rd,Common_English
advance,advance,Common_English
asia,asia,Common_English
chapter,chapter,Common_English
committed,committed,Common_English
cook,cook,Common_English
cute,cute,Common_English
equal,equal,Common_English
fake,fake,Common_English
finance,finance,Common_English
focused,focused,Common_English
hits,hits,Common_English
journey,journey,Common_English
kitchen,kitchen,Common_English
korea,korea,Common_English
leads,leads,Common_English
maintain,maintain,Common_English
measure,measure,Common_English
mm,mm,Common_English
numerous,numerous,Common_English
owners,owners,Common_English
posts,posts,Common_English
properties,properties,Common_English
quiet,quiet,Common_English
revealed,revealed,Common_English
specifically,specifically,Common_English
split,split,Common_English
task,task,Common_English
taxes,taxes,Common_English
taylor,taylor,Common_English
twenty,twenty,Common_English
urban,urban,Common_English
acts,acts,Common_English
affected,affected,Common_English
aircraft,aircraft,Common_English
applications,applications,Common_English
approved,approved,Common_English
approximately,approximately,Common_English
argument,argument,Common_English
arrested,arrested,Common_English
claimed,claimed,Common_English
conflict,conflict,Common_English
considering,considering,Common_English
corporate,corporate,Common_English
determined,determined,Common_English
distribution,distribution,Common_English
documents,documents,Common_English
escape,escape,Common_English
extended,extended,Common_English
factors,factors,Common_English
faster,faster,Common_English
fault,fault,Common_English
fill,fill,Common_English
films,films,Common_English
flowers,flowers,Common_English
friendly,friendly,Common_English
ladies,ladies,Common_English
lay,lay,Common_English
lights,lights,Common_English
millions,millions,Common_English
mixed,mixed,Common_English
phase,phase,Common_English
properly,properly,Common_English
pure,pure,Common_English
reduced,reduced,Common_English
requirements,requirements,Common_English
residents,residents,Common_English
revenue,revenue,Common_English
sam,sam,Common_English
sat,sat,Common_English
secure,secure,Common_English
smile,smile,Common_English
strange,strange,Common_English
talent,talent,Common_English
temperature,temperature,Common_English
thousand,thousand,Common_English
tony,tony,Common_English
troops,troops,Common_English
votes,votes,Common_English
ah,ah,Common_English
authorities,authorities,Common_English
basically,basically,Common_English
besides,besides,Common_English
bird,bird,Common_English
blame,blame,Common_English
bob,bob,Common_English
bowl,bowl,Common_English
causes,causes,Common_English
collected,collected,Common_English
context,context,Common_English
coverage,coverage,Common_English
determine,determine,Common_English
display,display,Common_English
dying,dying,Common_English
elected,elected,Common_English
examples,examples,Common_English
experienced,experienced,Common_English
falls,falls,Common_English
false,false,Common_English
fired,fired,Common_English
forgot,forgot,Common_English
funding,funding,Common_English
identified,identified,Common_English
iii,iii,Common_English
incredible,incredible,Common_English
inspired,inspired,Common_English
launched,launched,Common_English
ma,ma,Common_English
meat,meat,Common_English
ministry,ministry,Common_English
mode,mode,Common_English
neck,neck,Common_English
noticed,noticed,Common_English
obvious,obvious,Common_English
passing,passing,Common_English
positions,positions,Common_English
remaining,remaining,Common_English
scored,scored,Common_English
shots,shots,Common_English
slowly,slowly,Common_English
stores,stores,Common_English
surgery,surgery,Common_English
trading,trading,Common_English
tuesday,tuesday,Common_English
vision,vision,Common_English
whenever,whenever,Common_English
worried,worried,Common_English
zero,zero,Common_English
alex,alex,Common_English
allowing,allowing,Common_English
begins,begins,Common_English
champion,champion,Common_English
charged,charged,Common_English
cream,cream,Common_English
crisis,crisis,Common_English
daniel,daniel,Common_English
delivered,delivered,Common_English
editor,editor,Common_English
estimated,estimated,Common_English
eu,eu,Common_English
giant,giant,Common_English
iran,iran,Common_English
jail,jail,Common_English
jim,jim,Common_English
literature,literature,Common_English
mayor,mayor,Common_English
minor,minor,Common_English
moments,moments,Common_English
opposite,opposite,Common_English
ourselves,ourselves,Common_English
pages,pages,Common_English
remained,remained,Common_English
selection,selection,Common_English
serving,serving,Common_English
signal,signal,Common_English
struggle,struggle,Common_English
suicide,suicide,Common_English
talked,talked,Common_English
theme,theme,Common_English
thursday,thursday,Common_English
tiny,tiny,Common_English
typically,typically,Common_English
un,un,Common_English
unfortunately,unfortunately,Common_English
usual,usual,Common_English
vehicles,vehicles,Common_English
virginia,virginia,Common_English
voted,voted,Common_English
voting,voting,Common_English
walls,walls,Common_English
wave,wave,Common_English
alcohol,alcohol,Common_English
assembly,assembly,Common_English
breakfast,breakfast,Common_English
bright,bright,Common_English
brings,brings,Common_English
capable,capable,Common_English
carrying,carrying,Common_English
chosen,chosen,Common_English
combination,combination,Common_English
conservative,conservative,Common_English
customer,customer,Common_English
cutting,cutting,Common_English
desire,desire,Common_English
destroyed,destroyed,Common_English
draft,draft,Common_English
drunk,drunk,Common_English
essential,essential,Common_English
fail,fail,Common_English
familiar,familiar,Common_English
finds,finds,Common_English
granted,granted,Common_English
guilty,guilty,Common_English
humans,humans,Common_English
hundreds,hundreds,Common_English
improved,improved,Common_English
jewish,jewish,Common_English
largely,largely,Common_English
markets,markets,Common_English
medium,medium,Common_English
ohio,ohio,Common_English
opportunities,opportunities,Common_English
papers,papers,Common_English
perfectly,perfectly,Common_English
recommend,recommend,Common_English
referred,referred,Common_English
relevant,relevant,Common_English
seek,seek,Common_English
sending,sending,Common_English
solo,solo,Common_English
spoke,spoke,Common_English
stands,stands,Common_English
talks,talks,Common_English
unable,unable,Common_English
upset,upset,Common_English
wing,wing,Common_English
worlds,worlds,Common_English
answers,answers,Common_English
birds,birds,Common_English
bomb,bomb,Common_English
creative,creative,Common_English
cycle,cycle,Common_English
dealing,dealing,Common_English
directed,directed,Common_English
don,don,Common_English
educational,educational,Common_English
entertainment,entertainment,Common_English
extreme,extreme,Common_English
facility,facility,Common_English
fields,fields,Common_English
goods,goods,Common_English
hang,hang,Common_English
holds,holds,Common_English
info,info,Common_English
mainly,mainly,Common_English
maximum,maximum,Common_English
newspaper,newspaper,Common_English
offering,offering,Common_English
republic,republic,Common_English
reserve,reserve,Common_English
returns,returns,Common_English
row,row,Common_English
scared,scared,Common_English
scottish,scottish,Common_English
shares,shares,Common_English
statistics,statistics,Common_English
switch,switch,Common_English
threat,threat,Common_English
tickets,tickets,Common_English
wales,wales,Common_English
adults,adults,Common_English
affect,affect,Common_English
appointed,appointed,Common_English
armed,armed,Common_English
aside,aside,Common_English
assistance,assistance,Common_English
bell,bell,Common_English
blow,blow,Common_English
bond,bond,Common_English
boyfriend,boyfriend,Common_English
careful,careful,Common_English
circumstances,circumstances,Common_English
communications,communications,Common_English
concerns,concerns,Common_English
controlled,controlled,Common_English
corporation,corporation,Common_English
cry,cry,Common_English
danger,danger,Common_English
deals,deals,Common_English
delivery,delivery,Common_English
deserve,deserve,Common_English
devices,devices,Common_English
dollar,dollar,Common_English
dreams,dreams,Common_English
empty,empty,Common_English
enjoyed,enjoyed,Common_English
explained,explained,Common_English
faces,faces,Common_English
folks,folks,Common_English
fucked,fucked,Common_English
gender,gender,Common_English
instance,instance,Common_English
kim,kim,Common_English
kinda,kinda,Common_English
matches,matches,Common_English
mile,mile,Common_English
motion,motion,Common_English
moves,moves,Common_English
nick,nick,Common_English
pacific,pacific,Common_English
prize,prize,Common_English
realized,realized,Common_English
reasonable,reasonable,Common_English
receiving,receiving,Common_English
register,register,Common_English
resolution,resolution,Common_English
rural,rural,Common_English
ryan,ryan,Common_English
saving,saving,Common_English
sees,sees,Common_English
spain,spain,Common_English
tools,tools,Common_English
typical,typical,Common_English
warning,warning,Common_English
wars,wars,Common_English
wednesday,wednesday,Common_English
admit,admit,Common_English
attitude,attitude,Common_English
brazil,brazil,Common_English
conducted,conducted,Common_English
decades,decades,Common_English
dedicated,dedicated,Common_English
definition,definition,Common_English
favor,favor,Common_English
flag,flag,Common_English
guest,guest,Common_English
ha,ha,Common_English
heaven,heaven,Common_English
independence,independence,Common_English
institutions,institutions,Common_English
itll,itll,Common_English
jackson,jackson,Common_English
kiss,kiss,Common_English
load,load,Common_English
plot,plot,Common_English
possibility,possibility,Common_English
random,random,Common_English
recovery,recovery,Common_English
rent,rent,Common_English
replace,replace,Common_English
represent,represent,Common_English
reviews,reviews,Common_English
scenes,scenes,Common_English
seeking,seeking,Common_English
sentence,sentence,Common_English
teeth,teeth,Common_English
tips,tips,Common_English
trained,trained,Common_English
understood,understood,Common_English
academic,academic,Common_English
academy,academy,Common_English
accurate,accurate,Common_English
achieve,achieve,Common_English
adam,adam,Common_English
afford,afford,Common_English
andrew,andrew,Common_English
assume,assume,Common_English
bbc,bbc,Common_English
bunch,bunch,Common_English
category,category,Common_English
chat,chat,Common_English
chemical,chemical,Common_English
clinton,clinton,Common_English
competitive,competitive,Common_English
detail,detail,Common_English
diet,diet,Common_English
em,em,Common_English
favourite,favourite,Common_English
fruit,fruit,Common_English
harder,harder,Common_English
hed,hed,Common_English
index,index,Common_English
item,item,Common_English
lane,lane,Common_English
mess,mess,Common_English
navy,navy,Common_English
normally,normally,Common_English
occurred,occurred,Common_English
opposition,opposition,Common_English
parent,parent,Common_English
permanent,permanent,Common_English
personally,personally,Common_English
pleasure,pleasure,Common_English
prefer,prefer,Common_English
programme,programme,Common_English
representative,representative,Common_English
scheme,scheme,Common_English
shift,shift,Common_English
stood,stood,Common_English
storage,storage,Common_English
tank,tank,Common_English
tend,tend,Common_English
tight,tight,Common_English
transportation,transportation,Common_English
ultimately,ultimately,Common_English
unlike,unlike,Common_English
weekly,weekly,Common_English
yard,yard,Common_English
anybody,anybody,Common_English
assets,assets,Common_English
button,button,Common_English
candidates,candidates,Common_English
combat,combat,Common_English
constitution,constitution,Common_English
consumer,consumer,Common_English
counter,counter,Common_English
creation,creation,Common_English
crown,crown,Common_English
dc,dc,Common_English
defined,defined,Common_English
depending,depending,Common_English
depression,depression,Common_English
describe,describe,Common_English
drivers,drivers,Common_English
el,el,Common_English
employment,employment,Common_English
exclusive,exclusive,Common_English
excuse,excuse,Common_English
expert,expert,Common_English
frequently,frequently,Common_English
grace,grace,Common_English
hopefully,hopefully,Common_English
identify,identify,Common_English
importance,importance,Common_English
kevin,kevin,Common_English
laid,laid,Common_English
latter,latter,Common_English
manufacturing,manufacturing,Common_English
mining,mining,Common_English
object,object,Common_English
partners,partners,Common_English
pattern,pattern,Common_English
performing,performing,Common_English
personnel,personnel,Common_English
perspective,perspective,Common_English
pregnant,pregnant,Common_English
premier,premier,Common_English
promote,promote,Common_English
revolution,revolution,Common_English
rooms,rooms,Common_English
severe,severe,Common_English
suppose,suppose,Common_English
tool,tool,Common_English
turkey,turkey,Common_English
ve,ve,Common_English
victim,victim,Common_English
victims,victims,Common_English
th,th,Common_English
agents,agents,Common_English
amazon,amazon,Common_English
arrest,arrest,Common_English
attend,attend,Common_English
ban,ban,Common_English
brilliant,brilliant,Common_English
carbon,carbon,Common_English
catholic,catholic,Common_English
chose,chose,Common_English
circle,circle,Common_English
crash,crash,Common_English
declared,declared,Common_English
deliver,deliver,Common_English
depth,depth,Common_English
deputy,deputy,Common_English
dirty,dirty,Common_English
doctors,doctors,Common_English
earned,earned,Common_English
electronic,electronic,Common_English
error,error,Common_English
experiences,experiences,Common_English
expression,expression,Common_English
headed,headed,Common_English
interior,interior,Common_English
jr,jr,Common_English
legislation,legislation,Common_English
maintenance,maintenance,Common_English
manner,manner,Common_English
mate,mate,Common_English
matt,matt,Common_English
nearby,nearby,Common_English
noise,noise,Common_English
origin,origin,Common_English
pakistan,pakistan,Common_English
panel,panel,Common_English
personality,personality,Common_English
practices,practices,Common_English
prepare,prepare,Common_English
replaced,replaced,Common_English
resistance,resistance,Common_English
retail,retail,Common_English
roads,roads,Common_English
ships,ships,Common_English
somewhat,somewhat,Common_English
staying,staying,Common_English
stronger,stronger,Common_English
surely,surely,Common_English
tip,tip,Common_English
updated,updated,Common_English
writers,writers,Common_English
absolute,absolute,Common_English
advertising,advertising,Common_English
agencies,agencies,Common_English
bathroom,bathroom,Common_English
bible,bible,Common_English
cable,cable,Common_English
championship,championship,Common_English
checked,checked,Common_English
client,client,Common_English
constant,constant,Common_English
da,da,Common_English
dates,dates,Common_English
degrees,degrees,Common_English
democrats,democrats,Common_English
doors,doors,Common_English
driven,driven,Common_English
dumb,dumb,Common_English
exciting,exciting,Common_English
expansion,expansion,Common_English
heavily,heavily,Common_English
hide,hide,Common_English
incident,incident,Common_English
irish,irish,Common_English
linked,linked,Common_English
manage,manage,Common_English
messages,messages,Common_English
michigan,michigan,Common_English
multi,multi,Common_English
nfl,nfl,Common_English
politicians,politicians,Common_English
print,print,Common_English
quit,quit,Common_English
refused,refused,Common_English
reporting,reporting,Common_English
sight,sight,Common_English
significantly,significantly,Common_English
sing,sing,Common_English
soviet,soviet,Common_English
weapon,weapon,Common_English
wet,wet,Common_English
widely,widely,Common_English
worldwide,worldwide,Common_English
ages,ages,Common_English
anniversary,anniversary,Common_English
attractive,attractive,Common_English
bike,bike,Common_English
broad,broad,Common_English
burn,burn,Common_English
causing,causing,Common_English
closely,closely,Common_English
constantly,constantly,Common_English
contest,contest,Common_English
deaths,deaths,Common_English
depends,depends,Common_English
drawn,drawn,Common_English
eg,eg,Common_English
fees,fees,Common_English
francisco,francisco,Common_English
haha,haha,Common_English
hardly,hardly,Common_English
height,height,Common_English
hidden,hidden,Common_English
hong,hong,Common_English
invited,invited,Common_English
letting,letting,Common_English
loud,loud,Common_English
manchester,manchester,Common_English
marine,marine,Common_English
motor,motor,Common_English
officially,officially,Common_English
pc,pc,Common_English
peak,peak,Common_English
portion,portion,Common_English
pounds,pounds,Common_English
princess,princess,Common_English
puts,puts,Common_English
raw,raw,Common_English
reform,reform,Common_English
regions,regions,Common_English
represented,represented,Common_English
respond,respond,Common_English
retirement,retirement,Common_English
sample,sample,Common_English
seats,seats,Common_English
secondary,secondary,Common_English
solar,solar,Common_English
somehow,somehow,Common_English
stayed,stayed,Common_English
suffering,suffering,Common_English
sydney,sydney,Common_English
todays,todays,Common_English
tries,tries,Common_English
ultimate,ultimate,Common_English
unknown,unknown,Common_English
wilson,wilson,Common_English
wondering,wondering,Common_English
attached,attached,Common_English
attacked,attacked,Common_English
automatically,automatically,Common_English
balls,balls,Common_English
bills,bills,Common_English
blind,blind,Common_English
breath,breath,Common_English
brief,brief,Common_English
carolina,carolina,Common_English
chest,chest,Common_English
conduct,conduct,Common_English
debut,debut,Common_English
decade,decade,Common_English
destroy,destroy,Common_English
differences,differences,Common_English
edward,edward,Common_English
engaged,engaged,Common_English
experts,experts,Common_English
expressed,expressed,Common_English
external,external,Common_English
fantasy,fantasy,Common_English
ft,ft,Common_English
grab,grab,Common_English
hollywood,hollywood,Common_English
ie,ie,Common_English
immediate,immediate,Common_English
introduction,introduction,Common_English
joseph,joseph,Common_English
license,license,Common_English
paint,paint,Common_English
pink,pink,Common_English
presidential,presidential,Common_English
principal,principal,Common_English
recognize,recognize,Common_English
recognized,recognized,Common_English
registered,registered,Common_English
regularly,regularly,Common_English
representatives,representatives,Common_English
rising,rising,Common_English
seasons,seasons,Common_English
shipping,shipping,Common_English
singer,singer,Common_English
smoking,smoking,Common_English
steam,steam,Common_English
suffered,suffered,Common_English
survive,survive,Common_English
tall,tall,Common_English
theatre,theatre,Common_English
therapy,therapy,Common_English
witness,witness,Common_English
adopted,adopted,Common_English
aim,aim,Common_English
chances,chances,Common_English
childhood,childhood,Common_English
clinical,clinical,Common_English
clubs,clubs,Common_English
commander,commander,Common_English
comparison,comparison,Common_English
covers,covers,Common_English
dan,dan,Common_English
defence,defence,Common_English
democracy,democracy,Common_English
detailed,detailed,Common_English
entitled,entitled,Common_English
exact,exact,Common_English
exposed,exposed,Common_English
fed,fed,Common_English
fee,fee,Common_English
injured,injured,Common_English
jan,jan,Common_English
jordan,jordan,Common_English
kinds,kinds,Common_English
loans,loans,Common_English
lock,lock,Common_English
musical,musical,Common_English
nose,nose,Common_English
objects,objects,Common_English
opposed,opposed,Common_English
organized,organized,Common_English
protected,protected,Common_English
purposes,purposes,Common_English
quote,quote,Common_English
recording,recording,Common_English
semi,semi,Common_English
statements,statements,Common_English
suspect,suspect,Common_English
swear,swear,Common_English
techniques,techniques,Common_English
tim,tim,Common_English
trend,trend,Common_English
valuable,valuable,Common_English
wealth,wealth,Common_English
wise,wise,Common_English
yards,yards,Common_English
aged,aged,Common_English
approval,approval,Common_English
aspects,aspects,Common_English
attempts,attempts,Common_English
burning,burning,Common_English
champions,champions,Common_English
contain,contain,Common_English
convention,convention,Common_English
document,document,Common_English
eggs,eggs,Common_English
employee,employee,Common_English
en,en,Common_English
equivalent,equivalent,Common_English
facing,facing,Common_English
fairly,fairly,Common_English
fingers,fingers,Common_English
ford,ford,Common_English
founded,founded,Common_English
functions,functions,Common_English
gang,gang,Common_English
graduate,graduate,Common_English
greek,greek,Common_English
hanging,hanging,Common_English
inner,inner,Common_English
islands,islands,Common_English
le,le,Common_English
lift,lift,Common_English
marked,marked,Common_English
memories,memories,Common_English
miller,miller,Common_English
monthly,monthly,Common_English
mountains,mountains,Common_English
neighborhood,neighborhood,Common_English
operate,operate,Common_English
outstanding,outstanding,Common_English
permission,permission,Common_English
porn,porn,Common_English
racing,racing,Common_English
recommended,recommended,Common_English
regulations,regulations,Common_English
reply,reply,Common_English
republicans,republicans,Common_English
rid,rid,Common_English
roman,roman,Common_English
scientists,scientists,Common_English
shoulder,shoulder,Common_English
solutions,solutions,Common_English
sons,sons,Common_English
stations,stations,Common_English
stephen,stephen,Common_English
tradition,tradition,Common_English
visited,visited,Common_English
visual,visual,Common_English
wheel,wheel,Common_English
zealand,zealand,Common_English
achieved,achieved,Common_English
admitted,admitted,Common_English
appointment,appointment,Common_English
authors,authors,Common_English
barely,barely,Common_English
bc,bc,Common_English
celebrate,celebrate,Common_English
challenges,challenges,Common_English
coal,coal,Common_English
colour,colour,Common_English
contemporary,contemporary,Common_English
criticism,criticism,Common_English
davis,davis,Common_English
dna,dna,Common_English
effectively,effectively,Common_English
eric,eric,Common_English
extensive,extensive,Common_English
faced,faced,Common_English
filed,filed,Common_English
formation,formation,Common_English
fought,fought,Common_English
gained,gained,Common_English
highway,highway,Common_English
historic,historic,Common_English
hunt,hunt,Common_English
improvement,improvement,Common_English
inch,inch,Common_English
initially,initially,Common_English
junior,junior,Common_English
jury,jury,Common_English
kong,kong,Common_English
korean,korean,Common_English
marks,marks,Common_English
monster,monster,Common_English
obtained,obtained,Common_English
olympic,olympic,Common_English
philosophy,philosophy,Common_English
promised,promised,Common_English
repeat,repeat,Common_English
returning,returning,Common_English
riding,riding,Common_English
rough,rough,Common_English
santa,santa,Common_English
settlement,settlement,Common_English
smell,smell,Common_English
sought,sought,Common_English
studied,studied,Common_English
suggests,suggests,Common_English
surrounding,surrounding,Common_English
tone,tone,Common_English
topic,topic,Common_English
toronto,toronto,Common_English
universal,universal,Common_English
vast,vast,Common_English
visitors,visitors,Common_English
wanting,wanting,Common_English
auto,auto,Common_English
consistent,consistent,Common_English
continuing,continuing,Common_English
earn,earn,Common_English
exists,exists,Common_English
finger,finger,Common_English
grey,grey,Common_English
guitar,guitar,Common_English
heading,heading,Common_English
howard,howard,Common_English
ignore,ignore,Common_English
involving,involving,Common_English
latin,latin,Common_English
lewis,lewis,Common_English
meal,meal,Common_English
meanwhile,meanwhile,Common_English
meetings,meetings,Common_English
naturally,naturally,Common_English
necessarily,necessarily,Common_English
offices,offices,Common_English
partnership,partnership,Common_English
payments,payments,Common_English
percentage,percentage,Common_English
pocket,pocket,Common_English
practical,practical,Common_English
primarily,primarily,Common_English
proved,proved,Common_English
rape,rape,Common_English
regardless,regardless,Common_English
relative,relative,Common_English
represents,represents,Common_English
rescue,rescue,Common_English
resulting,resulting,Common_English
rush,rush,Common_English
sarah,sarah,Common_English
sessions,sessions,Common_English
sharp,sharp,Common_English
simon,simon,Common_English
soccer,soccer,Common_English
stable,stable,Common_English
structures,structures,Common_English
supplies,supplies,Common_English
symptoms,symptoms,Common_English
temporary,temporary,Common_English
tested,tested,Common_English
trick,trick,Common_English
attended,attended,Common_English
audio,audio,Common_English
bone,bone,Common_English
brian,brian,Common_English
bullshit,bullshit,Common_English
chamber,chamber,Common_English
chart,chart,Common_English
childrens,childrens,Common_English
clothing,clothing,Common_English
complicated,complicated,Common_English
confused,confused,Common_English
consequences,consequences,Common_English
defend,defend,Common_English
divided,divided,Common_English
elizabeth,elizabeth,Common_English
everyday,everyday,Common_English
extent,extent,Common_English
format,format,Common_English
gap,gap,Common_English
gate,gate,Common_English
gotten,gotten,Common_English
harm,harm,Common_English
healthcare,healthcare,Common_English
household,household,Common_English
immigration,immigration,Common_English
impressive,impressive,Common_English
jews,jews,Common_English
joining,joining,Common_English
killer,killer,Common_English
lesson,lesson,Common_English
limits,limits,Common_English
loving,loving,Common_English
ltd,ltd,Common_English
managers,managers,Common_English
membership,membership,Common_English
miami,miami,Common_English
mount,mount,Common_English
nights,nights,Common_English
occur,occur,Common_English
parking,parking,Common_English
proposal,proposal,Common_English
purchased,purchased,Common_English
recognition,recognition,Common_English
reputation,reputation,Common_English
rolling,rolling,Common_English
shortly,shortly,Common_English
situations,situations,Common_English
strongly,strongly,Common_English
tears,tears,Common_English
technique,technique,Common_English
thin,thin,Common_English
tied,tied,Common_English
accused,accused,Common_English
adventure,adventure,Common_English
argue,argue,Common_English
assessment,assessment,Common_English
atmosphere,atmosphere,Common_English
awful,awful,Common_English
bedroom,bedroom,Common_English
belief,belief,Common_English
bound,bound,Common_English
breaks,breaks,Common_English
carefully,carefully,Common_English
cats,cats,Common_English
ceo,ceo,Common_English
choices,choices,Common_English
closing,closing,Common_English
colorado,colorado,Common_English
colors,colors,Common_English
contrast,contrast,Common_English
courses,courses,Common_English
courts,courts,Common_English
donald,donald,Common_English
drew,drew,Common_English
elsewhere,elsewhere,Common_English
establish,establish,Common_English
extension,extension,Common_English
files,files,Common_English
founder,founder,Common_English
georgia,georgia,Common_English
hills,hills,Common_English
hip,hip,Common_English
hitting,hitting,Common_English
increases,increases,Common_English
infrastructure,infrastructure,Common_English
jason,jason,Common_English
locations,locations,Common_English
loose,loose,Common_English
machines,machines,Common_English
mens,mens,Common_English
moral,moral,Common_English
offensive,offensive,Common_English
pa,pa,Common_English
package,package,Common_English
pointed,pointed,Common_English
poverty,poverty,Common_English
processes,processes,Common_English
processing,processing,Common_English
qualified,qualified,Common_English
railway,railway,Common_English
reaching,reaching,Common_English
ridiculous,ridiculous,Common_English
sensitive,sensitive,Common_English
shock,shock,Common_English
silence,silence,Common_English
soldier,soldier,Common_English
superior,superior,Common_English
supporters,supporters,Common_English
thick,thick,Common_English
threw,threw,Common_English
tons,tons,Common_English
transition,transition,Common_English
violent,violent,Common_English
voters,voters,Common_English
wash,wash,Common_English
acid,acid,Common_English
actress,actress,Common_English
administrative,administrative,Common_English
alan,alan,Common_English
alongside,alongside,Common_English
angel,angel,Common_English
babies,babies,Common_English
bars,bars,Common_English
bonus,bonus,Common_English
charity,charity,Common_English
clients,clients,Common_English
compare,compare,Common_English
contained,contained,Common_English
covering,covering,Common_English
curious,curious,Common_English
directors,directors,Common_English
discovery,discovery,Common_English
discussed,discussed,Common_English
duke,duke,Common_English
egypt,egypt,Common_English
encourage,encourage,Common_English
enforcement,enforcement,Common_English
featuring,featuring,Common_English
finals,finals,Common_English
flash,flash,Common_English
formal,formal,Common_English
formula,formula,Common_English
fort,fort,Common_English
governments,governments,Common_English
gray,gray,Common_English
gross,gross,Common_English
horses,horses,Common_English
hungry,hungry,Common_English
informed,informed,Common_English
innocent,innocent,Common_English
jeff,jeff,Common_English
losses,losses,Common_English
luke,luke,Common_English
mac,mac,Common_English
math,math,Common_English
minds,minds,Common_English
mistakes,mistakes,Common_English
mystery,mystery,Common_English
networks,networks,Common_English
olympics,olympics,Common_English
passes,passes,Common_English
penalty,penalty,Common_English
pet,pet,Common_English
phones,phones,Common_English
producing,producing,Common_English
publication,publication,Common_English
rating,rating,Common_English
refer,refer,Common_English
respectively,respectively,Common_English
rome,rome,Common_English
scheduled,scheduled,Common_English
select,select,Common_English
silent,silent,Common_English
spoken,spoken,Common_English
successfully,successfully,Common_English
suffer,suffer,Common_English
tracks,tracks,Common_English
trail,trail,Common_English
uncle,uncle,Common_English
unusual,unusual,Common_English
waters,waters,Common_English
woods,woods,Common_English
yo,yo,Common_English
arrival,arrival,Common_English
asks,asks,Common_English
assault,assault,Common_English
awareness,awareness,Common_English
badly,badly,Common_English
bath,bath,Common_English
captured,captured,Common_English
chase,chase,Common_English
components,components,Common_English
dave,dave,Common_English
deeply,deeply,Common_English
expectations,expectations,Common_English
explanation,explanation,Common_English
exposure,exposure,Common_English
featured,featured,Common_English
fiction,fiction,Common_English
guarantee,guarantee,Common_English
harris,harris,Common_English
hearts,hearts,Common_English
horrible,horrible,Common_English
ideal,ideal,Common_English
illinois,illinois,Common_English
injuries,injuries,Common_English
islamic,islamic,Common_English
jimmy,jimmy,Common_English
kelly,kelly,Common_English
legend,legend,Common_English
lieutenant,lieutenant,Common_English
mini,mini,Common_English
mood,mood,Common_English
muscle,muscle,Common_English
muslims,muslims,Common_English
passion,passion,Common_English
picking,picking,Common_English
pleased,pleased,Common_English
procedure,procedure,Common_English
producer,producer,Common_English
pushing,pushing,Common_English
rank,rank,Common_English
replacement,replacement,Common_English
retired,retired,Common_English
roles,roles,Common_English
sand,sand,Common_English
savings,savings,Common_English
settled,settled,Common_English
shadow,shadow,Common_English
singles,singles,Common_English
tag,tag,Common_English
tape,tape,Common_English
thread,thread,Common_English
victoria,victoria,Common_English
visiting,visiting,Common_English
wage,wage,Common_English
wed,wed,Common_English
wings,wings,Common_English
andy,andy,Common_English
avenue,avenue,Common_English
bags,bags,Common_English
beating,beating,Common_English
believes,believes,Common_English
blocks,blocks,Common_English
boring,boring,Common_English
charlie,charlie,Common_English
checking,checking,Common_English
commissioner,commissioner,Common_English
commitment,commitment,Common_English
confident,confident,Common_English
containing,containing,Common_English
copies,copies,Common_English
crimes,crimes,Common_English
custom,custom,Common_English
denied,denied,Common_English
desk,desk,Common_English
drinks,drinks,Common_English
episodes,episodes,Common_English
farmers,farmers,Common_English
fbi,fbi,Common_English
grounds,grounds,Common_English
gym,gym,Common_English
helpful,helpful,Common_English
horror,horror,Common_English
iphone,iphone,Common_English
iraq,iraq,Common_English
label,label,Common_English
liverpool,liverpool,Common_English
locked,locked,Common_English
naked,naked,Common_English
ny,ny,Common_English
opens,opens,Common_English
output,output,Common_English
persons,persons,Common_English
pitch,pitch,Common_English
plain,plain,Common_English
pushed,pushed,Common_English
raising,raising,Common_English
rear,rear,Common_English
reveal,reveal,Common_English
romantic,romantic,Common_English
scores,scores,Common_English
sisters,sisters,Common_English
speaks,speaks,Common_English
stages,stages,Common_English
strategic,strategic,Common_English
welfare,welfare,Common_English
winners,winners,Common_English
wire,wire,Common_English
worker,worker,Common_English
afterwards,afterwards,Common_English
alright,alright,Common_English
android,android,Common_English
architecture,architecture,Common_English
assist,assist,Common_English
attempted,attempted,Common_English
behalf,behalf,Common_English
capture,capture,Common_English
centers,centers,Common_English
ceremony,ceremony,Common_English
comic,comic,Common_English
cops,cops,Common_English
cuts,cuts,Common_English
dallas,dallas,Common_English
designer,designer,Common_English
diamond,diamond,Common_English
disappointed,disappointed,Common_English
dressed,dressed,Common_English
economics,economics,Common_English
efficient,efficient,Common_English
electrical,electrical,Common_English
employed,employed,Common_English
enjoying,enjoying,Common_English
entering,entering,Common_English
essentially,essentially,Common_English
establishment,establishment,Common_English
expecting,expecting,Common_English
explains,explains,Common_English
ghost,ghost,Common_English
guests,guests,Common_English
handed,handed,Common_English
houston,houston,Common_English
https,https,Common_English
industries,industries,Common_English
islam,islam,Common_English
jane,jane,Common_English
judges,judges,Common_English
kit,kit,Common_English
lab,lab,Common_English
languages,languages,Common_English
maps,maps,Common_English
min,min,Common_English
morgan,morgan,Common_English
moscow,moscow,Common_English
na,na,Common_English
nervous,nervous,Common_English
newly,newly,Common_English
odd,odd,Common_English
op,op,Common_English
ordinary,ordinary,Common_English
participate,participate,Common_English
philadelphia,philadelphia,Common_English
principles,principles,Common_English
racist,racist,Common_English
rarely,rarely,Common_English
references,references,Common_English
sexy,sexy,Common_English
skill,skill,Common_English
solve,solve,Common_English
stomach,stomach,Common_English
struck,struck,Common_English
studying,studying,Common_English
suck,suck,Common_English
supports,supports,Common_English
trash,trash,Common_English
ugly,ugly,Common_English
vegas,vegas,Common_English
walker,walker,Common_English
whoever,whoever,Common_English
amounts,amounts,Common_English
anthony,anthony,Common_English
arthur,arthur,Common_English
aspect,aspect,Common_English
banned,banned,Common_English
boost,boost,Common_English
bureau,bureau,Common_English
colonel,colonel,Common_English
comfort,comfort,Common_English
controls,controls,Common_English
cousin,cousin,Common_English
crack,crack,Common_English
deck,deck,Common_English
demands,demands,Common_English
dies,dies,Common_English
dragon,dragon,Common_English
dramatic,dramatic,Common_English
dust,dust,Common_English
dutch,dutch,Common_English
engineers,engineers,Common_English
foods,foods,Common_English
hired,hired,Common_English
illness,illness,Common_English
inspiration,inspiration,Common_English
institution,institution,Common_English
kings,kings,Common_English
lately,lately,Common_English
lowest,lowest,Common_English
memorial,memorial,Common_English
mexican,mexican,Common_English
minority,minority,Common_English
mum,mum,Common_English
opinions,opinions,Common_English
patterns,patterns,Common_English
presents,presents,Common_English
priority,priority,Common_English
promotion,promotion,Common_English
rail,rail,Common_English
readers,readers,Common_English
remote,remote,Common_English
repair,repair,Common_English
saint,saint,Common_English
steal,steal,Common_English
stolen,stolen,Common_English
telephone,telephone,Common_English
tho,tho,Common_English
titles,titles,Common_English
trans,trans,Common_English
ups,ups,Common_English
vol,vol,Common_English
whereas,whereas,Common_English
abandoned,abandoned,Common_English
acquired,acquired,Common_English
actors,actors,Common_English
alexander,alexander,Common_English
alliance,alliance,Common_English
annoying,annoying,Common_English
ap,ap,Common_English
bid,bid,Common_English
bro,bro,Common_English
buddy,buddy,Common_English
buried,buried,Common_English
cares,cares,Common_English
columbia,columbia,Common_English
conclusion,conclusion,Common_English
confirm,confirm,Common_English
congratulations,congratulations,Common_English
contracts,contracts,Common_English
convinced,convinced,Common_English
crap,crap,Common_English
dean,dean,Common_English
decent,decent,Common_English
decline,decline,Common_English
delay,delay,Common_English
describes,describes,Common_English
downtown,downtown,Common_English
elite,elite,Common_English
enemies,enemies,Common_English
forgotten,forgotten,Common_English
forth,forth,Common_English
gods,gods,Common_English
hadnt,hadnt,Common_English
hire,hire,Common_English
hop,hop,Common_English
hopes,hopes,Common_English
insane,insane,Common_English
installed,installed,Common_English
israeli,israeli,Common_English
landing,landing,Common_English
layer,layer,Common_English
managing,managing,Common_English
marry,marry,Common_English
nah,nah,Common_English
nowhere,nowhere,Common_English
obtain,obtain,Common_English
organic,organic,Common_English
ownership,ownership,Common_English
participants,participants,Common_English
pennsylvania,pennsylvania,Common_English
poetry,poetry,Common_English
pot,pot,Common_English
pray,pray,Common_English
printed,printed,Common_English
recall,recall,Common_English
sake,sake,Common_English
sheet,sheet,Common_English
signing,signing,Common_English
smooth,smooth,Common_English
spiritual,spiritual,Common_English
stops,stops,Common_English
string,string,Common_English
sudden,sudden,Common_English
sweden,sweden,Common_English
syria,syria,Common_English
throwing,throwing,Common_English
thrown,thrown,Common_English
vacation,vacation,Common_English
abroad,abroad,Common_English
arab,arab,Common_English
assigned,assigned,Common_English
associate,associate,Common_English
assumed,assumed,Common_English
atlantic,atlantic,Common_English
bench,bench,Common_English
bother,bother,Common_English
broadcast,broadcast,Common_English
bye,bye,Common_English
cambridge,cambridge,Common_English
citizen,citizen,Common_English
compete,compete,Common_English
consists,consists,Common_English
consumers,consumers,Common_English
contributed,contributed,Common_English
critics,critics,Common_English
damaged,damaged,Common_English
disaster,disaster,Common_English
discover,discover,Common_English
disney,disney,Common_English
entrance,entrance,Common_English
equally,equally,Common_English
fallen,fallen,Common_English
figured,figured,Common_English
fitness,fitness,Common_English
francis,francis,Common_English
friendship,friendship,Common_English
gary,gary,Common_English
handling,handling,Common_English
idiot,idiot,Common_English
intense,intense,Common_English
keys,keys,Common_English
lawyers,lawyers,Common_English
lifetime,lifetime,Common_English
liquid,liquid,Common_English
makeup,makeup,Common_English
mortgage,mortgage,Common_English
narrative,narrative,Common_English
narrow,narrow,Common_English
nba,nba,Common_English
observed,observed,Common_English
occasionally,occasionally,Common_English
pan,pan,Common_English
posting,posting,Common_English
potentially,potentially,Common_English
reduction,reduction,Common_English
reflect,reflect,Common_English
refuse,refuse,Common_English
researchers,researchers,Common_English
resource,resource,Common_English
roger,roger,Common_English
ross,ross,Common_English
sciences,sciences,Common_English
seattle,seattle,Common_English
serves,serves,Common_English
shell,shell,Common_English
silly,silly,Common_English
subsequent,subsequent,Common_English
theyd,theyd,Common_English
towns,towns,Common_English
translation,translation,Common_English
visible,visible,Common_English
yep,yep,Common_English
adds,adds,Common_English
allen,allen,Common_English
amendment,amendment,Common_English
angle,angle,Common_English
arizona,arizona,Common_English
arrive,arrive,Common_English
belong,belong,Common_English
berlin,berlin,Common_English
bishop,bishop,Common_English
channels,channels,Common_English
clark,clark,Common_English
commonly,commonly,Common_English
connect,connect,Common_English
defensive,defensive,Common_English
designs,designs,Common_English
efficiency,efficiency,Common_English
enterprise,enterprise,Common_English
feb,feb,Common_English
females,females,Common_English
findings,findings,Common_English
firms,firms,Common_English
forum,forum,Common_English
gifts,gifts,Common_English
hence,hence,Common_English
increasingly,increasingly,Common_English
incredibly,incredibly,Common_English
iv,iv,Common_English
jay,jay,Common_English
kicked,kicked,Common_English
lessons,lessons,Common_English
lists,lists,Common_English
maintained,maintained,Common_English
mill,mill,Common_English
mo,mo,Common_English
occasion,occasion,Common_English
oxford,oxford,Common_English
pace,pace,Common_English
passenger,passenger,Common_English
pope,pope,Common_English
possession,possession,Common_English
pp,pp,Common_English
races,races,Common_English
rapid,rapid,Common_English
regulation,regulation,Common_English
resident,resident,Common_English
rocks,rocks,Common_English
shaped,shaped,Common_English
sixth,sixth,Common_English
spin,spin,Common_English
styles,styles,Common_English
subjects,subjects,Common_English
sucks,sucks,Common_English
suitable,suitable,Common_English
thirty,thirty,Common_English
valid,valid,Common_English
vital,vital,Common_English
whilst,whilst,Common_English
agriculture,agriculture,Common_English
alleged,alleged,Common_English
anna,anna,Common_English
atlanta,atlanta,Common_English
bands,bands,Common_English
christians,christians,Common_English
collect,collect,Common_English
commerce,commerce,Common_English
cop,cop,Common_English
creek,creek,Common_English
currency,currency,Common_English
emotions,emotions,Common_English
exhibition,exhibition,Common_English
fraud,fraud,Common_English
genuine,genuine,Common_English
gordon,gordon,Common_English
honour,honour,Common_English
hook,hook,Common_English
hunter,hunter,Common_English
immigrants,immigrants,Common_English
improving,improving,Common_English
instructions,instructions,Common_English
introduce,introduce,Common_English
kansas,kansas,Common_English
km,km,Common_English
lands,lands,Common_English
legacy,legacy,Common_English
log,log,Common_English
matthew,matthew,Common_English
merely,merely,Common_English
mothers,mothers,Common_English
nov,nov,Common_English
patrick,patrick,Common_English
phil,phil,Common_English
prisoners,prisoners,Common_English
programming,programming,Common_English
publishing,publishing,Common_English
ratio,ratio,Common_English
rejected,rejected,Common_English
remind,remind,Common_English
resort,resort,Common_English
resulted,resulted,Common_English
reverse,reverse,Common_English
routine,routine,Common_English
scary,scary,Common_English
settle,settle,Common_English
sin,sin,Common_English
spell,spell,Common_English
summary,summary,Common_English
survival,survival,Common_English
sword,sword,Common_English
tongue,tongue,Common_English
ward,ward,Common_English
waves,waves,Common_English
wayne,wayne,Common_English
achievement,achievement,Common_English
anderson,anderson,Common_English
argued,argued,Common_English
asleep,asleep,Common_English
austin,austin,Common_English
automatic,automatic,Common_English
begun,begun,Common_English
behaviour,behaviour,Common_English
cd,cd,Common_English
cents,cents,Common_English
comprehensive,comprehensive,Common_English
consent,consent,Common_English
daddy,daddy,Common_English
destruction,destruction,Common_English
diego,diego,Common_English
diseases,diseases,Common_English
divorce,divorce,Common_English
doc,doc,Common_English
drove,drove,Common_English
ears,ears,Common_English
engage,engage,Common_English
extraordinary,extraordinary,Common_English
frequency,frequency,Common_English
gaming,gaming,Common_English
glory,glory,Common_English
headquarters,headquarters,Common_English
heritage,heritage,Common_English
initiative,initiative,Common_English
interviews,interviews,Common_English
jean,jean,Common_English
juice,juice,Common_English
meets,meets,Common_English
melbourne,melbourne,Common_English
microsoft,microsoft,Common_English
objective,objective,Common_English
organisation,organisation,Common_English
privacy,privacy,Common_English
procedures,procedures,Common_English
profits,profits,Common_English
reducing,reducing,Common_English
regard,regard,Common_English
representing,representing,Common_English
residence,residence,Common_English
roughly,roughly,Common_English
salary,salary,Common_English
scoring,scoring,Common_English
searching,searching,Common_English
sections,sections,Common_English
strip,strip,Common_English
surrounded,surrounded,Common_English
threatened,threatened,Common_English
transferred,transferred,Common_English
tube,tube,Common_English
universities,universities,Common_English
walter,walter,Common_English
wisconsin,wisconsin,Common_English
wouldve,wouldve,Common_English
writes,writes,Common_English
ambassador,ambassador,Common_English
ann,ann,Common_English
apps,apps,Common_English
awarded,awarded,Common_English
banking,banking,Common_English
breast,breast,Common_English
carter,carter,Common_English
chelsea,chelsea,Common_English
concluded,concluded,Common_English
consumption,consumption,Common_English
corruption,corruption,Common_English
crossed,crossed,Common_English
detroit,detroit,Common_English
discount,discount,Common_English
dozen,dozen,Common_English
engines,engines,Common_English
epic,epic,Common_English
exception,exception,Common_English
exit,exit,Common_English
expand,expand,Common_English
fancy,fancy,Common_English
gorgeous,gorgeous,Common_English
grateful,grateful,Common_English
heroes,heroes,Common_English
holes,holes,Common_English
impression,impression,Common_English
inches,inches,Common_English
indicate,indicate,Common_English
input,input,Common_English
johnny,johnny,Common_English
josh,josh,Common_English
knock,knock,Common_English
lips,lips,Common_English
luxury,luxury,Common_English
lyrics,lyrics,Common_English
manufacturers,manufacturers,Common_English
masters,masters,Common_English
movements,movements,Common_English
oct,oct,Common_English
operated,operated,Common_English
ought,ought,Common_English
outcome,outcome,Common_English
painted,painted,Common_English
poll,poll,Common_English
preferred,preferred,Common_English
pulling,pulling,Common_English
ranked,ranked,Common_English
referring,referring,Common_English
removal,removal,Common_English
rep,rep,Common_English
reporter,reporter,Common_English
rio,rio,Common_English
risks,risks,Common_English
rob,rob,Common_English
screaming,screaming,Common_English
sept,sept,Common_English
sequence,sequence,Common_English
singapore,singapore,Common_English
stretch,stretch,Common_English
tear,tear,Common_English
terrorist,terrorist,Common_English
ties,ties,Common_English
twelve,twelve,Common_English
versions,versions,Common_English
virgin,virgin,Common_English
voices,voices,Common_English
wishes,wishes,Common_English
absence,absence,Common_English
agricultural,agricultural,Common_English
asshole,asshole,Common_English
ate,ate,Common_English
athletes,athletes,Common_English
bears,bears,Common_English
blues,blues,Common_English
boxes,boxes,Common_English
bruce,bruce,Common_English
bull,bull,Common_English
cameras,cameras,Common_English
commonwealth,commonwealth,Common_English
contribute,contribute,Common_English
contribution,contribution,Common_English
contributions,contributions,Common_English
couples,couples,Common_English
delicious,delicious,Common_English
deny,deny,Common_English
deserves,deserves,Common_English
ease,ease,Common_English
extend,extend,Common_English
fame,fame,Common_English
generated,generated,Common_English
genetic,genetic,Common_English
glasses,glasses,Common_English
impressed,impressed,Common_English
indicated,indicated,Common_English
instant,instant,Common_English
investors,investors,Common_English
involves,involves,Common_English
kate,kate,Common_English
kills,kills,Common_English
liberty,liberty,Common_English
mans,mans,Common_English
maria,maria,Common_English
ministers,ministers,Common_English
monitoring,monitoring,Common_English
occurs,occurs,Common_English
passengers,passengers,Common_English
photographs,photographs,Common_English
principle,principle,Common_English
producers,producers,Common_English
progressive,progressive,Common_English
punishment,punishment,Common_English
rally,rally,Common_English
rapidly,rapidly,Common_English
reader,reader,Common_English
representation,representation,Common_English
restaurants,restaurants,Common_English
reveals,reveals,Common_English
roots,roots,Common_English
samples,samples,Common_English
shops,shops,Common_English
sum,sum,Common_English
swing,swing,Common_English
tail,tail,Common_English
texts,texts,Common_English
twin,twin,Common_English
upcoming,upcoming,Common_English
veterans,veterans,Common_English
alert,alert,Common_English
arena,arena,Common_English
arguments,arguments,Common_English
aug,aug,Common_English
billy,billy,Common_English
boom,boom,Common_English
boots,boots,Common_English
brave,brave,Common_English
claiming,claiming,Common_English
commit,commit,Common_English
compensation,compensation,Common_English
composition,composition,Common_English
computers,computers,Common_English
conservation,conservation,Common_English
constitutional,constitutional,Common_English
crossing,crossing,Common_English
defending,defending,Common_English
di,di,Common_English
difficulty,difficulty,Common_English
dropping,dropping,Common_English
drops,drops,Common_English
elementary,elementary,Common_English
ethnic,ethnic,Common_English
expenses,expenses,Common_English
fleet,fleet,Common_English
foster,foster,Common_English
fuckin,fuckin,Common_English
fundamental,fundamental,Common_English
gen,gen,Common_English
genius,genius,Common_English
greatly,greatly,Common_English
guidance,guidance,Common_English
hospitals,hospitals,Common_English
infection,infection,Common_English
instagram,instagram,Common_English
intention,intention,Common_English
iowa,iowa,Common_English
jokes,jokes,Common_English
knee,knee,Common_English
mechanical,mechanical,Common_English
nigeria,nigeria,Common_English
parks,parks,Common_English
participation,participation,Common_English
periods,periods,Common_English
precious,precious,Common_English
pregnancy,pregnancy,Common_English
premium,premium,Common_English
preparing,preparing,Common_English
pretend,pretend,Common_English
priest,priest,Common_English
prominent,prominent,Common_English
proven,proven,Common_English
radical,radical,Common_English
remembered,remembered,Common_English
requested,requested,Common_English
residential,residential,Common_English
reward,reward,Common_English
rings,rings,Common_English
robin,robin,Common_English
russell,russell,Common_English
shake,shake,Common_English
shore,shore,Common_English
spots,spots,Common_English
stats,stats,Common_English
struggling,struggling,Common_English
substantial,substantial,Common_English
teen,teen,Common_English
temperatures,temperatures,Common_English
transmission,transmission,Common_English
trap,trap,Common_English
wildlife,wildlife,Common_English
wooden,wooden,Common_English
ads,ads,Common_English
aggressive,aggressive,Common_English
anne,anne,Common_English
answered,answered,Common_English
apparent,apparent,Common_English
bang,bang,Common_English
blast,blast,Common_English
bones,bones,Common_English
brands,brands,Common_English
centuries,centuries,Common_English
communist,communist,Common_English
complaint,complaint,Common_English
component,component,Common_English
connections,connections,Common_English
cure,cure,Common_English
del,del,Common_English
desperate,desperate,Common_English
diversity,diversity,Common_English
duties,duties,Common_English
encouraged,encouraged,Common_English
eve,eve,Common_English
faculty,faculty,Common_English
feedback,feedback,Common_English
fighter,fighter,Common_English
frozen,frozen,Common_English
guards,guards,Common_English
hiding,hiding,Common_English
humanity,humanity,Common_English
ian,ian,Common_English
il,il,Common_English
innovation,innovation,Common_English
instruments,instruments,Common_English
invest,invest,Common_English
justin,justin,Common_English
legislative,legislative,Common_English
listing,listing,Common_English
manual,manual,Common_English
murdered,murdered,Common_English
nursing,nursing,Common_English
occupied,occupied,Common_English
ongoing,ongoing,Common_English
operator,operator,Common_English
painful,painful,Common_English
pound,pound,Common_English
preparation,preparation,Common_English
punch,punch,Common_English
purple,purple,Common_English
railroad,railroad,Common_English
registration,registration,Common_English
releases,releases,Common_English
rick,rick,Common_English
romance,romance,Common_English
someones,someones,Common_English
submitted,submitted,Common_English
sufficient,sufficient,Common_English
survived,survived,Common_English
suspended,suspended,Common_English
technologies,technologies,Common_English
tissue,tissue,Common_English
trailer,trailer,Common_English
trends,trends,Common_English
trials,trials,Common_English
ukraine,ukraine,Common_English
underground,underground,Common_English
versus,versus,Common_English
virtual,virtual,Common_English
walks,walks,Common_English
wounded,wounded,Common_English
ali,ali,Common_English
amongst,amongst,Common_English
announcement,announcement,Common_English
arranged,arranged,Common_English
arsenal,arsenal,Common_English
attending,attending,Common_English
attracted,attracted,Common_English
biological,biological,Common_English
bite,bite,Common_English
blocked,blocked,Common_English
boards,boards,Common_English
burned,burned,Common_English
categories,categories,Common_English
checks,checks,Common_English
chip,chip,Common_English
companys,companys,Common_English
concerning,concerning,Common_English
dare,dare,Common_English
define,define,Common_English
discrimination,discrimination,Common_English
disorder,disorder,Common_English
distributed,distributed,Common_English
districts,districts,Common_English
documentary,documentary,Common_English
domain,domain,Common_English
dynamic,dynamic,Common_English
edited,edited,Common_English
engagement,engagement,Common_English
explore,explore,Common_English
favour,favour,Common_English
fewer,fewer,Common_English
footage,footage,Common_English
giants,giants,Common_English
grave,grave,Common_English
hamilton,hamilton,Common_English
implementation,implementation,Common_English
indiana,indiana,Common_English
investigate,investigate,Common_English
jazz,jazz,Common_English
jon,jon,Common_English
jonathan,jonathan,Common_English
lawrence,lawrence,Common_English
lincoln,lincoln,Common_English
literary,literary,Common_English
mask,mask,Common_English
massachusetts,massachusetts,Common_English
midnight,midnight,Common_English
minnesota,minnesota,Common_English
oscar,oscar,Common_English
packed,packed,Common_English
piano,piano,Common_English
praise,praise,Common_English
presentation,presentation,Common_English
psychology,psychology,Common_English
relation,relation,Common_English
restrictions,restrictions,Common_English
ruin,ruin,Common_English
saudi,saudi,Common_English
sean,sean,Common_English
sec,sec,Common_English
secrets,secrets,Common_English
slave,slave,Common_English
stability,stability,Common_English
steady,steady,Common_English
stones,stones,Common_English
symbol,symbol,Common_English
terminal,terminal,Common_English
treaty,treaty,Common_English
triple,triple,Common_English
unlikely,unlikely,Common_English
updates,updates,Common_English
vietnam,vietnam,Common_English
viewed,viewed,Common_English
affair,affair,Common_English
agenda,agenda,Common_English
bow,bow,Common_English
cape,cape,Common_English
collective,collective,Common_English
conversations,conversations,Common_English
cooperation,cooperation,Common_English
craft,craft,Common_English
darkness,darkness,Common_English
deeper,deeper,Common_English
devil,devil,Common_English
edit,edit,Common_English
enable,enable,Common_English
equity,equity,Common_English
estimates,estimates,Common_English
failing,failing,Common_English
finishing,finishing,Common_English
fortune,fortune,Common_English
gates,gates,Common_English
goodbye,goodbye,Common_English
graham,graham,Common_English
hillary,hillary,Common_English
hurts,hurts,Common_English
intellectual,intellectual,Common_English
invite,invite,Common_English
involvement,involvement,Common_English
kentucky,kentucky,Common_English
madrid,madrid,Common_English
mi,mi,Common_English
nuts,nuts,Common_English
oregon,oregon,Common_English
partly,partly,Common_English
petition,petition,Common_English
phrase,phrase,Common_English
physically,physically,Common_English
protecting,protecting,Common_English
racial,racial,Common_English
rated,rated,Common_English
regime,regime,Common_English
rivers,rivers,Common_English
rounds,rounds,Common_English
ruled,ruled,Common_English
sa,sa,Common_English
sauce,sauce,Common_English
separated,separated,Common_English
shield,shield,Common_English
similarly,similarly,Common_English
slide,slide,Common_English
stem,stem,Common_English
summit,summit,Common_English
talented,talented,Common_English
throat,throat,Common_English
touched,touched,Common_English
toy,toy,Common_English
visits,visits,Common_English
warriors,warriors,Common_English
accounting,accounting,Common_English
alien,alien,Common_English
attacking,attacking,Common_English
awkward,awkward,Common_English
beast,beast,Common_English
candy,candy,Common_English
carrier,carrier,Common_English
certificate,certificate,Common_English
cited,cited,Common_English
coaching,coaching,Common_English
colleagues,colleagues,Common_English
constructed,constructed,Common_English
dated,dated,Common_English
dec,dec,Common_English
default,default,Common_English
delhi,delhi,Common_English
derived,derived,Common_English
dialogue,dialogue,Common_English
disabled,disabled,Common_English
distinct,distinct,Common_English
drag,drag,Common_English
educated,educated,Common_English
eligible,eligible,Common_English
estimate,estimate,Common_English
execution,execution,Common_English
existed,existed,Common_English
fifty,fifty,Common_English
followers,followers,Common_English
fool,fool,Common_English
framework,framework,Common_English
franchise,franchise,Common_English
funded,funded,Common_English
furniture,furniture,Common_English
generations,generations,Common_English
guaranteed,guaranteed,Common_English
integrated,integrated,Common_English
intelligent,intelligent,Common_English
interaction,interaction,Common_English
journalists,journalists,Common_English
lifestyle,lifestyle,Common_English
lighting,lighting,Common_English
lisa,lisa,Common_English
loop,loop,Common_English
mp,mp,Common_English
overseas,overseas,Common_English
performances,performances,Common_English
philippines,philippines,Common_English
polish,polish,Common_English
recommendations,recommendations,Common_English
recover,recover,Common_English
regarded,regarded,Common_English
relax,relax,Common_English
reliable,reliable,Common_English
rely,rely,Common_English
remarkable,remarkable,Common_English
responses,responses,Common_English
ruling,ruling,Common_English
sacrifice,sacrifice,Common_English
se,se,Common_English
sole,sole,Common_English
stopping,stopping,Common_English
strategies,strategies,Common_English
succeed,succeed,Common_English
tables,tables,Common_English
tale,tale,Common_English
targets,targets,Common_English
timing,timing,Common_English
ton,ton,Common_English
volunteers,volunteers,Common_English
witnesses,witnesses,Common_English
wore,wore,Common_English
worship,worship,Common_English
worthy,worthy,Common_English
acted,acted,Common_English
alarm,alarm,Common_English
bass,bass,Common_English
bloody,bloody,Common_English
breathing,breathing,Common_English
butt,butt,Common_English
characteristics,characteristics,Common_English
cnn,cnn,Common_English
collaboration,collaboration,Common_English
con,con,Common_English
consideration,consideration,Common_English
counts,counts,Common_English
creates,creates,Common_English
crucial,crucial,Common_English
daughters,daughters,Common_English
dependent,dependent,Common_English
discussions,discussions,Common_English
drives,drives,Common_English
dual,dual,Common_English
edinburgh,edinburgh,Common_English
equipped,equipped,Common_English
expanded,expanded,Common_English
experimental,experimental,Common_English
feeding,feeding,Common_English
filter,filter,Common_English
grades,grades,Common_English
greece,greece,Common_English
highlights,highlights,Common_English
hoped,hoped,Common_English
intent,intent,Common_English
involve,involve,Common_English
judgment,judgment,Common_English
kennedy,kennedy,Common_English
knight,knight,Common_English
larry,larry,Common_English
las,las,Common_English
lmao,lmao,Common_English
logo,logo,Common_English
malaysia,malaysia,Common_English
mature,mature,Common_English
moore,moore,Common_English
nazi,nazi,Common_English
netherlands,netherlands,Common_English
odds,odds,Common_English
peaceful,peaceful,Common_English
philip,philip,Common_English
pin,pin,Common_English
prevention,prevention,Common_English
printing,printing,Common_English
promoting,promoting,Common_English
publicly,publicly,Common_English
pump,pump,Common_English
repeated,repeated,Common_English
replied,replied,Common_English
requests,requests,Common_English
revenge,revenge,Common_English
satisfied,satisfied,Common_English
seeds,seeds,Common_English
signals,signals,Common_English
slip,slip,Common_English
spaces,spaces,Common_English
spare,spare,Common_English
specialist,specialist,Common_English
stocks,stocks,Common_English
stranger,stranger,Common_English
submit,submit,Common_English
surprising,surprising,Common_English
tap,tap,Common_English
thompson,thompson,Common_English
threats,threats,Common_English
tourism,tourism,Common_English
turkish,turkish,Common_English
volunteer,volunteer,Common_English
acceptable,acceptable,Common_English
allies,allies,Common_English
attempting,attempting,Common_English
auction,auction,Common_English
bonds,bonds,Common_English
challenging,challenging,Common_English
churches,churches,Common_English
cleveland,cleveland,Common_English
cm,cm,Common_English
composed,composed,Common_English
concentration,concentration,Common_English
corp,corp,Common_English
corps,corps,Common_English
counting,counting,Common_English
credits,credits,Common_English
dawn,dawn,Common_English
dispute,dispute,Common_English
earnings,earnings,Common_English
editing,editing,Common_English
everyones,everyones,Common_English
executed,executed,Common_English
firing,firing,Common_English
fits,fits,Common_English
frequent,frequent,Common_English
gardens,gardens,Common_English
gathered,gathered,Common_English
hilarious,hilarious,Common_English
huh,huh,Common_English
ignored,ignored,Common_English
improvements,improvements,Common_English
investments,investments,Common_English
isis,isis,Common_English
margin,margin,Common_English
maryland,maryland,Common_English
mechanism,mechanism,Common_English
moderate,moderate,Common_English
murray,murray,Common_English
oklahoma,oklahoma,Common_English
overcome,overcome,Common_English
parallel,parallel,Common_English
passage,passage,Common_English
pit,pit,Common_English
psychological,psychological,Common_English
publications,publications,Common_English
quest,quest,Common_English
shocked,shocked,Common_English
sized,sized,Common_English
stroke,stroke,Common_English
stunning,stunning,Common_English
tanks,tanks,Common_English
tokyo,tokyo,Common_English
topics,topics,Common_English
trains,trains,Common_English
treating,treating,Common_English
tune,tune,Common_English
utility,utility,Common_English
vessel,vessel,Common_English
wherever,wherever,Common_English
acquisition,acquisition,Common_English
addressed,addressed,Common_English
alabama,alabama,Common_English
alice,alice,Common_English
angels,angels,Common_English
anime,anime,Common_English
announce,announce,Common_English
autumn,autumn,Common_English
backed,backed,Common_English
barry,barry,Common_English
bold,bold,Common_English
borders,borders,Common_English
breathe,breathe,Common_English
cameron,cameron,Common_English
choosing,choosing,Common_English
classical,classical,Common_English
classified,classified,Common_English
clip,clip,Common_English
coaches,coaches,Common_English
coins,coins,Common_English
concepts,concepts,Common_English
conspiracy,conspiracy,Common_English
controversy,controversy,Common_English
convince,convince,Common_English
cooper,cooper,Common_English
disappeared,disappeared,Common_English
eh,eh,Common_English
encounter,encounter,Common_English
exam,exam,Common_English
examination,examination,Common_English
fails,fails,Common_English
fathers,fathers,Common_English
federation,federation,Common_English
fi,fi,Common_English
fiscal,fiscal,Common_English
guardian,guardian,Common_English
hd,hd,Common_English
homeless,homeless,Common_English
instrument,instrument,Common_English
intervention,intervention,Common_English
jerry,jerry,Common_English
lover,lover,Common_English
mainstream,mainstream,Common_English
menu,menu,Common_English
missouri,missouri,Common_English
mounted,mounted,Common_English
mutual,mutual,Common_English
nope,nope,Common_English
occasions,occasions,Common_English
offense,offense,Common_English
oral,oral,Common_English
pays,pays,Common_English
pursue,pursue,Common_English
realise,realise,Common_English
refugees,refugees,Common_English
removing,removing,Common_English
requirement,requirement,Common_English
responded,responded,Common_English
rip,rip,Common_English
ruined,ruined,Common_English
scope,scope,Common_English
segment,segment,Common_English
spectrum,spectrum,Common_English
stays,stays,Common_English
ted,ted,Common_English
terror,terror,Common_English
uh,uh,Common_English
va,va,Common_English
venture,venture,Common_English
virtually,virtually,Common_English
waited,waited,Common_English
warren,warren,Common_English
worn,worn,Common_English
yea,yea,Common_English
ac,ac,Common_English
accompanied,accompanied,Common_English
adams,adams,Common_English
aids,aids,Common_English
aimed,aimed,Common_English
alpha,alpha,Common_English
approaches,approaches,Common_English
arrangement,arrangement,Common_English
beliefs,beliefs,Common_English
boats,boats,Common_English
boundaries,boundaries,Common_English
brooklyn,brooklyn,Common_English
colleges,colleges,Common_English
considerable,considerable,Common_English
conventional,conventional,Common_English
danny,danny,Common_English
des,des,Common_English
designated,designated,Common_English
dvd,dvd,Common_English
emperor,emperor,Common_English
employers,employers,Common_English
enormous,enormous,Common_English
errors,errors,Common_English
focusing,focusing,Common_English
forgive,forgive,Common_English
gains,gains,Common_English
garage,garage,Common_English
gathering,gathering,Common_English
guidelines,guidelines,Common_English
handled,handled,Common_English
hosted,hosted,Common_English
indians,indians,Common_English
indonesia,indonesia,Common_English
inquiry,inquiry,Common_English
inspector,inspector,Common_English
jumped,jumped,Common_English
khan,khan,Common_English
li,li,Common_English
loaded,loaded,Common_English
lonely,lonely,Common_English
maintaining,maintaining,Common_English
measured,measured,Common_English
mercy,mercy,Common_English
nevertheless,nevertheless,Common_English
newspapers,newspapers,Common_English
outer,outer,Common_English
oxygen,oxygen,Common_English
pipe,pipe,Common_English
pissed,pissed,Common_English
powder,powder,Common_English
powered,powered,Common_English
promises,promises,Common_English
quotes,quotes,Common_English
racism,racism,Common_English
ratings,ratings,Common_English
reads,reads,Common_English
recovered,recovered,Common_English
refers,refers,Common_English
roy,roy,Common_English
rude,rude,Common_English
seventh,seventh,Common_English
shelter,shelter,Common_English
signature,signature,Common_English
sooner,sooner,Common_English
stewart,stewart,Common_English
strikes,strikes,Common_English
suggesting,suggesting,Common_English
suits,suits,Common_English
toys,toys,Common_English
tracking,tracking,Common_English
tribute,tribute,Common_English
trigger,trigger,Common_English
vary,vary,Common_English
venue,venue,Common_English
wages,wages,Common_English
wells,wells,Common_English
wheels,wheels,Common_English
ye,ye,Common_English
abc,abc,Common_English
abortion,abortion,Common_English
accuracy,accuracy,Common_English
albert,albert,Common_English
applying,applying,Common_English
artificial,artificial,Common_English
belongs,belongs,Common_English
beneath,beneath,Common_English
bitcoin,bitcoin,Common_English
bullet,bullet,Common_English
burns,burns,Common_English
carl,carl,Common_English
celebrated,celebrated,Common_English
consistently,consistently,Common_English
conversion,conversion,Common_English
copyright,copyright,Common_English
counties,counties,Common_English
democrat,democrat,Common_English
deposit,deposit,Common_English
destination,destination,Common_English
dirt,dirt,Common_English
diverse,diverse,Common_English
divine,divine,Common_English
emails,emails,Common_English
er,er,Common_English
exclusively,exclusively,Common_English
export,export,Common_English
fastest,fastest,Common_English
formerly,formerly,Common_English
functional,functional,Common_English
gather,gather,Common_English
grandfather,grandfather,Common_English
habit,habit,Common_English
harvard,harvard,Common_English
indicates,indicates,Common_English
isolated,isolated,Common_English
jealous,jealous,Common_English
knocked,knocked,Common_English
landed,landed,Common_English
laughed,laughed,Common_English
laura,laura,Common_English
lazy,lazy,Common_English
mama,mama,Common_English
marshall,marshall,Common_English
mitchell,mitchell,Common_English
modified,modified,Common_English
municipal,municipal,Common_English
naval,naval,Common_English
neighbors,neighbors,Common_English
nelson,nelson,Common_English
neutral,neutral,Common_English
noble,noble,Common_English
oldest,oldest,Common_English
pat,pat,Common_English
picks,picks,Common_English
poland,poland,Common_English
popularity,popularity,Common_English
professionals,professionals,Common_English
pussy,pussy,Common_English
reactions,reactions,Common_English
relate,relate,Common_English
sacred,sacred,Common_English
securities,securities,Common_English
speakers,speakers,Common_English
springs,springs,Common_English
spy,spy,Common_English
steven,steven,Common_English
suggestions,suggestions,Common_English
supplied,supplied,Common_English
susan,susan,Common_English
suspension,suspension,Common_English
terrorism,terrorism,Common_English
terry,terry,Common_English
toxic,toxic,Common_English
treasury,treasury,Common_English
unions,unions,Common_English
upgrade,upgrade,Common_English
warrant,warrant,Common_English
wider,wider,Common_English
wound,wound,Common_English
aaron,aaron,Common_English
actively,actively,Common_English
afghanistan,afghanistan,Common_English
ai,ai,Common_English
applies,applies,Common_English
arrangements,arrangements,Common_English
asset,asset,Common_English
assuming,assuming,Common_English
backing,backing,Common_English
baker,baker,Common_English
barcelona,barcelona,Common_English
blessed,blessed,Common_English
brazilian,brazilian,Common_English
brush,brush,Common_English
burden,burden,Common_English
campbell,campbell,Common_English
carries,carries,Common_English
casual,casual,Common_English
certified,certified,Common_English
charter,charter,Common_English
citys,citys,Common_English
civilian,civilian,Common_English
coalition,coalition,Common_English
cock,cock,Common_English
complain,complain,Common_English
complaints,complaints,Common_English
controversial,controversial,Common_English
denver,denver,Common_English
describing,describing,Common_English
differently,differently,Common_English
directions,directions,Common_English
discipline,discipline,Common_English
discussing,discussing,Common_English
disgusting,disgusting,Common_English
dj,dj,Common_English
dominant,dominant,Common_English
earning,earning,Common_English
emma,emma,Common_English
essay,essay,Common_English
expense,expense,Common_English
explaining,explaining,Common_English
furthermore,furthermore,Common_English
graphic,graphic,Common_English
greg,greg,Common_English
healing,healing,Common_English
hiring,hiring,Common_English
hosts,hosts,Common_English
implemented,implemented,Common_English
instantly,instantly,Common_English
invasion,invasion,Common_English
jacob,jacob,Common_English
jumping,jumping,Common_English
legendary,legendary,Common_English
leo,leo,Common_English
maker,maker,Common_English
margaret,margaret,Common_English
mario,mario,Common_English
opponents,opponents,Common_English
outdoor,outdoor,Common_English
parker,parker,Common_English
photograph,photograph,Common_English
pole,pole,Common_English
pub,pub,Common_English
quarters,quarters,Common_English
queensland,queensland,Common_English
rangers,rangers,Common_English
ranks,ranks,Common_English
reception,reception,Common_English
recipe,recipe,Common_English
regulatory,regulatory,Common_English
reviewed,reviewed,Common_English
rolls,rolls,Common_English
secured,secured,Common_English
serial,serial,Common_English
settings,settings,Common_English
shed,shed,Common_English
sponsored,sponsored,Common_English
stealing,stealing,Common_English
strict,strict,Common_English
subsequently,subsequently,Common_English
substance,substance,Common_English
suggestion,suggestion,Common_English
switzerland,switzerland,Common_English
syndrome,syndrome,Common_English
tasks,tasks,Common_English
trips,trips,Common_English
ultra,ultra,Common_English
unexpected,unexpected,Common_English
usage,usage,Common_English
utah,utah,Common_English
accidentally,accidentally,Common_English
affordable,affordable,Common_English
amateur,amateur,Common_English
appeals,appeals,Common_English
argentina,argentina,Common_English
baltimore,baltimore,Common_English
batman,batman,Common_English
bearing,bearing,Common_English
beats,beats,Common_English
bin,bin,Common_English
bobby,bobby,Common_English
briefly,briefly,Common_English
canal,canal,Common_English
cancelled,cancelled,Common_English
charlotte,charlotte,Common_English
cheaper,cheaper,Common_English
christopher,christopher,Common_English
climb,climb,Common_English
com,com,Common_English
competing,competing,Common_English
completion,completion,Common_English
cruise,cruise,Common_English
custody,custody,Common_English
delete,delete,Common_English
demonstrated,demonstrated,Common_English
departure,departure,Common_English
developers,developers,Common_English
developments,developments,Common_English
dig,dig,Common_English
eagles,eagles,Common_English
employer,employer,Common_English
evans,evans,Common_English
explosion,explosion,Common_English
fever,fever,Common_English
fluid,fluid,Common_English
folk,folk,Common_English
generate,generate,Common_English
gop,gop,Common_English
handsome,handsome,Common_English
ho,ho,Common_English
holidays,holidays,Common_English
hotels,hotels,Common_English
integration,integration,Common_English
integrity,integrity,Common_English
interpretation,interpretation,Common_English
legitimate,legitimate,Common_English
loads,loads,Common_English
longest,longest,Common_English
magical,magical,Common_English
mills,mills,Common_English
motivation,motivation,Common_English
nasty,nasty,Common_English
oliver,oliver,Common_English
outfit,outfit,Common_English
pension,pension,Common_English
permit,permit,Common_English
perry,perry,Common_English
plates,plates,Common_English
pleasant,pleasant,Common_English
portrait,portrait,Common_English
productive,productive,Common_English
reminds,reminds,Common_English
reserves,reserves,Common_English
ron,ron,Common_English
safely,safely,Common_English
shirts,shirts,Common_English
shorter,shorter,Common_English
slight,slight,Common_English
socialist,socialist,Common_English
streaming,streaming,Common_English
sue,sue,Common_English
targeted,targeted,Common_English
tension,tension,Common_English
thailand,thailand,Common_English
theories,theories,Common_English
touching,touching,Common_English
transactions,transactions,Common_English
twist,twist,Common_English
ugh,ugh,Common_English
unemployment,unemployment,Common_English
useless,useless,Common_English
viewers,viewers,Common_English
winds,winds,Common_English
woke,woke,Common_English
wtf,wtf,Common_English
abilities,abilities,Common_English
advocate,advocate,Common_English
aims,aims,Common_English
arc,arc,Common_English
backup,backup,Common_English
beaten,beaten,Common_English
bitter,bitter,Common_English
blown,blown,Common_English
branches,branches,Common_English
campaigns,campaigns,Common_English
chips,chips,Common_English
cia,cia,Common_English
clever,clever,Common_English
clinic,clinic,Common_English
closest,closest,Common_English
collections,collections,Common_English
continuous,continuous,Common_English
converted,converted,Common_English
correctly,correctly,Common_English
creator,creator,Common_English
creatures,creatures,Common_English
criteria,criteria,Common_English
declined,declined,Common_English
detective,detective,Common_English
difficulties,difficulties,Common_English
disability,disability,Common_English
dish,dish,Common_English
douglas,douglas,Common_English
du,du,Common_English
egyptian,egyptian,Common_English
ep,ep,Common_English
evaluation,evaluation,Common_English
excess,excess,Common_English
farming,farming,Common_English
fence,fence,Common_English
fifa,fifa,Common_English
fighters,fighters,Common_English
flights,flights,Common_English
forcing,forcing,Common_English
forming,forming,Common_English
franklin,franklin,Common_English
fred,fred,Common_English
gradually,gradually,Common_English
habits,habits,Common_English
hawaii,hawaii,Common_English
highlight,highlight,Common_English
holder,holder,Common_English
hood,hood,Common_English
hung,hung,Common_English
identical,identical,Common_English
imperial,imperial,Common_English
investigations,investigations,Common_English
jose,jose,Common_English
ken,ken,Common_English
legally,legally,Common_English
lied,lied,Common_English
listened,listened,Common_English
males,males,Common_English
manufacturer,manufacturer,Common_English
meters,meters,Common_English
nasa,nasa,Common_English
negotiations,negotiations,Common_English
nonsense,nonsense,Common_English
ontario,ontario,Common_English
operational,operational,Common_English
orleans,orleans,Common_English
owns,owns,Common_English
phoenix,phoenix,Common_English
playoffs,playoffs,Common_English
poet,poet,Common_English
quoted,quoted,Common_English
relating,relating,Common_English
repeatedly,repeatedly,Common_English
robinson,robinson,Common_English
rolled,rolled,Common_English
skip,skip,Common_English
slavery,slavery,Common_English
snap,snap,Common_English
sorts,sorts,Common_English
souls,souls,Common_English
stole,stole,Common_English
swedish,swedish,Common_English
swim,swim,Common_English
swiss,swiss,Common_English
tennessee,tennessee,Common_English
transaction,transaction,Common_English
transformation,transformation,Common_English
veteran,veteran,Common_English
vulnerable,vulnerable,Common_English
wealthy,wealthy,Common_English
additionally,additionally,Common_English
amy,amy,Common_English
attract,attract,Common_English
barbara,barbara,Common_English
beta,beta,Common_English
blowing,blowing,Common_English
bored,bored,Common_English
bug,bug,Common_English
caring,caring,Common_English
catching,catching,Common_English
cheating,cheating,Common_English
chronic,chronic,Common_English
cleared,cleared,Common_English
communicate,communicate,Common_English
convicted,convicted,Common_English
cultures,cultures,Common_English
dealt,dealt,Common_English
delayed,delayed,Common_English
demonstrate,demonstrate,Common_English
departments,departments,Common_English
depend,depend,Common_English
developer,developer,Common_English
diagnosis,diagnosis,Common_English
dismissed,dismissed,Common_English
distinguished,distinguished,Common_English
dose,dose,Common_English
eighth,eighth,Common_English
experiments,experiments,Common_English
fa,fa,Common_English
flesh,flesh,Common_English
flip,flip,Common_English
forty,forty,Common_English
generous,generous,Common_English
germans,germans,Common_English
hated,hated,Common_English
hr,hr,Common_English
implement,implement,Common_English
incorporated,incorporated,Common_English
influenced,influenced,Common_English
jerusalem,jerusalem,Common_English
kidding,kidding,Common_English
laser,laser,Common_English
loyal,loyal,Common_English
marijuana,marijuana,Common_English
md,md,Common_English
mentally,mentally,Common_English
missions,missions,Common_English
occupation,occupation,Common_English
opponent,opponent,Common_English
paintings,paintings,Common_English
patch,patch,Common_English
pic,pic,Common_English
pointing,pointing,Common_English
pollution,pollution,Common_English
precisely,precisely,Common_English
prisoner,prisoner,Common_English
privilege,privilege,Common_English
proposals,proposals,Common_English
protests,protests,Common_English
punk,punk,Common_English
radar,radar,Common_English
regards,regards,Common_English
relatives,relatives,Common_English
resist,resist,Common_English
solely,solely,Common_English
stepped,stepped,Common_English
striking,striking,Common_English
terrorists,terrorists,Common_English
tourist,tourist,Common_English
transit,transit,Common_English
trucks,trucks,Common_English
trusted,trusted,Common_English
vessels,vessels,Common_English
villa,villa,Common_English
volumes,volumes,Common_English
websites,websites,Common_English
wireless,wireless,Common_English
wondered,wondered,Common_English
wrap,wrap,Common_English
wright,wright,Common_English
adopt,adopt,Common_English
airlines,airlines,Common_English
alaska,alaska,Common_English
albums,albums,Common_English
americas,americas,Common_English
anytime,anytime,Common_English
beings,beings,Common_English
beside,beside,Common_English
blade,blade,Common_English
bottles,bottles,Common_English
bucks,bucks,Common_English
bulk,bulk,Common_English
camps,camps,Common_English
cargo,cargo,Common_English
census,census,Common_English
christianity,christianity,Common_English
coastal,coastal,Common_English
coin,coin,Common_English
colored,colored,Common_English
commentary,commentary,Common_English
congressional,congressional,Common_English
cried,cried,Common_English
customs,customs,Common_English
dealer,dealer,Common_English
deemed,deemed,Common_English
distant,distant,Common_English
electronics,electronics,Common_English
emerging,emerging,Common_English
emotion,emotion,Common_English
emphasis,emphasis,Common_English
ethics,ethics,Common_English
exploration,exploration,Common_English
fights,fights,Common_English
filling,filling,Common_English
filming,filming,Common_English
glasgow,glasgow,Common_English
graphics,graphics,Common_English
helen,helen,Common_English
humor,humor,Common_English
insight,insight,Common_English
invested,invested,Common_English
itd,itd,Common_English
jennifer,jennifer,Common_English
lit,lit,Common_English
louisiana,louisiana,Common_English
mar,mar,Common_English
marie,marie,Common_English
meals,meals,Common_English
mississippi,mississippi,Common_English
nerve,nerve,Common_English
netflix,netflix,Common_English
nightmare,nightmare,Common_English
operators,operators,Common_English
overnight,overnight,Common_English
partially,partially,Common_English
participating,participating,Common_English
platforms,platforms,Common_English
populations,populations,Common_English
poster,poster,Common_English
pr,pr,Common_English
practically,practically,Common_English
preserve,preserve,Common_English
produces,produces,Common_English
qualify,qualify,Common_English
raid,raid,Common_English
ram,ram,Common_English
ranging,ranging,Common_English
ranking,ranking,Common_English
receives,receives,Common_English
respective,respective,Common_English
restricted,restricted,Common_English
routes,routes,Common_English
samuel,samuel,Common_English
sandy,sandy,Common_English
scenario,scenario,Common_English
situated,situated,Common_English
slaves,slaves,Common_English
sony,sony,Common_English
spotted,spotted,Common_English
spreading,spreading,Common_English
stanley,stanley,Common_English
sustainable,sustainable,Common_English
sustained,sustained,Common_English
themes,themes,Common_English
threatening,threatening,Common_English
tobacco,tobacco,Common_English
trace,trace,Common_English
trapped,trapped,Common_English
turner,turner,Common_English
uncomfortable,uncomfortable,Common_English
wasted,wasted,Common_English
weakness,weakness,Common_English
widespread,widespread,Common_English
xbox,xbox,Common_English
accepting,accepting,Common_English
accessible,accessible,Common_English
acknowledge,acknowledge,Common_English
advised,advised,Common_English
advisory,advisory,Common_English
assignment,assignment,Common_English
balanced,balanced,Common_English
bare,bare,Common_English
bases,bases,Common_English
battles,battles,Common_English
bias,bias,Common_English
birmingham,birmingham,Common_English
bits,bits,Common_English
cancel,cancel,Common_English
ceiling,ceiling,Common_English
cherry,cherry,Common_English
chill,chill,Common_English
classification,classification,Common_English
clue,clue,Common_English
codes,codes,Common_English
cole,cole,Common_English
collapse,collapse,Common_English
collecting,collecting,Common_English
conscious,conscious,Common_English
consecutive,consecutive,Common_English
contents,contents,Common_English
costume,costume,Common_English
craig,craig,Common_English
deleted,deleted,Common_English
devoted,devoted,Common_English
displayed,displayed,Common_English
dominated,dominated,Common_English
earl,earl,Common_English
endless,endless,Common_English
escaped,escaped,Common_English
examine,examine,Common_English
floating,floating,Common_English
garbage,garbage,Common_English
gospel,gospel,Common_English
grain,grain,Common_English
grid,grid,Common_English
grows,grows,Common_English
heating,heating,Common_English
identification,identification,Common_English
knees,knees,Common_English
lap,lap,Common_English
lions,lions,Common_English
liver,liver,Common_English
metro,metro,Common_English
metropolitan,metropolitan,Common_English
mines,mines,Common_English
nominated,nominated,Common_English
parliamentary,parliamentary,Common_English
patent,patent,Common_English
perception,perception,Common_English
physician,physician,Common_English
portland,portland,Common_English
proceed,proceed,Common_English
proceedings,proceedings,Common_English
pupils,pupils,Common_English
reserved,reserved,Common_English
restore,restore,Common_English
rifle,rifle,Common_English
rival,rival,Common_English
rs,rs,Common_English
runner,runner,Common_English
sadly,sadly,Common_English
sc,sc,Common_English
shoulders,shoulders,Common_English
significance,significance,Common_English
sits,sits,Common_English
sizes,sizes,Common_English
slept,slept,Common_English
soap,soap,Common_English
spray,spray,Common_English
stored,stored,Common_English
stressed,stressed,Common_English
structural,structural,Common_English
suite,suite,Common_English
tbh,tbh,Common_English
tropical,tropical,Common_English
ukrainian,ukrainian,Common_English
unnecessary,unnecessary,Common_English
verse,verse,Common_English
victor,victor,Common_English
vintage,vintage,Common_English
warned,warned,Common_English
watson,watson,Common_English
acres,acres,Common_English
adapted,adapted,Common_English
adoption,adoption,Common_English
anonymous,anonymous,Common_English
antonio,antonio,Common_English
approaching,approaching,Common_English
artistic,artistic,Common_English
attendance,attendance,Common_English
aviation,aviation,Common_English
barrel,barrel,Common_English
beds,beds,Common_English
beloved,beloved,Common_English
bless,bless,Common_English
celebrating,celebrating,Common_English
charging,charging,Common_English
chemicals,chemicals,Common_English
chuck,chuck,Common_English
colonial,colonial,Common_English
comics,comics,Common_English
compliance,compliance,Common_English
contrary,contrary,Common_English
controlling,controlling,Common_English
corporations,corporations,Common_English
couch,couch,Common_English
countrys,countrys,Common_English
crush,crush,Common_English
dam,dam,Common_English
decrease,decrease,Common_English
defeated,defeated,Common_English
diabetes,diabetes,Common_English
dressing,dressing,Common_English
expanding,expanding,Common_English
fears,fears,Common_English
fires,fires,Common_English
genre,genre,Common_English
gentle,gentle,Common_English
grammar,grammar,Common_English
hiv,hiv,Common_English
idk,idk,Common_English
illustrated,illustrated,Common_English
invented,invented,Common_English
jake,jake,Common_English
jam,jam,Common_English
jamie,jamie,Common_English
jessica,jessica,Common_English
keith,keith,Common_English
kent,kent,Common_English
layers,layers,Common_English
lease,lease,Common_English
lens,lens,Common_English
licensed,licensed,Common_English
madison,madison,Common_English
magnetic,magnetic,Common_English
metres,metres,Common_English
monsters,monsters,Common_English
mysterious,mysterious,Common_English
notion,notion,Common_English
partial,partial,Common_English
piss,piss,Common_English
placing,placing,Common_English
propaganda,propaganda,Common_English
rat,rat,Common_English
reflection,reflection,Common_English
reminded,reminded,Common_English
resolve,resolve,Common_English
revolutionary,revolutionary,Common_English
scandal,scandal,Common_English
shine,shine,Common_English
si,si,Common_English
simultaneously,simultaneously,Common_English
substitute,substitute,Common_English
surveillance,surveillance,Common_English
tactics,tactics,Common_English
testimony,testimony,Common_English
thai,thai,Common_English
treasure,treasure,Common_English
tweet,tweet,Common_English
tyler,tyler,Common_English
underlying,underlying,Common_English
unfair,unfair,Common_English
villages,villages,Common_English
von,von,Common_English
wa,wa,Common_English
acceptance,acceptance,Common_English
accidents,accidents,Common_English
affects,affects,Common_English
annually,annually,Common_English
apologize,apologize,Common_English
appreciated,appreciated,Common_English
approached,approached,Common_English
arriving,arriving,Common_English
ash,ash,Common_English
aunt,aunt,Common_English
benjamin,benjamin,Common_English
blake,blake,Common_English
bubble,bubble,Common_English
buyers,buyers,Common_English
casino,casino,Common_English
charts,charts,Common_English
clouds,clouds,Common_English
connecting,connecting,Common_English
counsel,counsel,Common_English
creature,creature,Common_English
deadly,deadly,Common_English
decides,decides,Common_English
der,der,Common_English
desired,desired,Common_English
determination,determination,Common_English
embrace,embrace,Common_English
emerged,emerged,Common_English
exhibit,exhibit,Common_English
flew,flew,Common_English
gentleman,gentleman,Common_English
gm,gm,Common_English
halloween,halloween,Common_English
hitler,hitler,Common_English
hosting,hosting,Common_English
icon,icon,Common_English
imposed,imposed,Common_English
indigenous,indigenous,Common_English
infinite,infinite,Common_English
installation,installation,Common_English
inter,inter,Common_English
interactions,interactions,Common_English
introducing,introducing,Common_English
iranian,iranian,Common_English
kicking,kicking,Common_English
laying,laying,Common_English
legislature,legislature,Common_English
liability,liability,Common_English
maine,maine,Common_English
makers,makers,Common_English
manhattan,manhattan,Common_English
marvel,marvel,Common_English
michelle,michelle,Common_English
moreover,moreover,Common_English
mps,mps,Common_English
neil,neil,Common_English
organisations,organisations,Common_English
ours,ours,Common_English
paradise,paradise,Common_English
perceived,perceived,Common_English
pics,pics,Common_English
planes,planes,Common_English
politician,politician,Common_English
preliminary,preliminary,Common_English
presidency,presidency,Common_English
reaches,reaches,Common_English
react,react,Common_English
realistic,realistic,Common_English
remarks,remarks,Common_English
retain,retain,Common_English
roberts,roberts,Common_English
rocky,rocky,Common_English
russians,russians,Common_English
saints,saints,Common_English
scratch,scratch,Common_English
shade,shade,Common_English
sheets,sheets,Common_English
sheriff,sheriff,Common_English
shy,shy,Common_English
sometime,sometime,Common_English
spirits,spirits,Common_English
sporting,sporting,Common_English
strictly,strictly,Common_English
teens,teens,Common_English
thou,thou,Common_English
tier,tier,Common_English
tommy,tommy,Common_English
travelling,travelling,Common_English
vancouver,vancouver,Common_English
vocal,vocal,Common_English
warrior,warrior,Common_English
womans,womans,Common_English
worries,worries,Common_English
yield,yield,Common_English
accomplished,accomplished,Common_English
admission,admission,Common_English
adventures,adventures,Common_English
aka,aka,Common_English
appearing,appearing,Common_English
barrier,barrier,Common_English
belgium,belgium,Common_English
believing,believing,Common_English
blacks,blacks,Common_English
bombs,bombs,Common_English
burst,burst,Common_English
caps,caps,Common_English
casting,casting,Common_English
cattle,cattle,Common_English
cc,cc,Common_English
classroom,classroom,Common_English
collins,collins,Common_English
colours,colours,Common_English
compromise,compromise,Common_English
convenient,convenient,Common_English
costa,costa,Common_English
criminals,criminals,Common_English
crop,crop,Common_English
earthquake,earthquake,Common_English
elderly,elderly,Common_English
eliminate,eliminate,Common_English
embarrassing,embarrassing,Common_English
finest,finest,Common_English
grants,grants,Common_English
harvey,harvey,Common_English
hates,hates,Common_English
incidents,incidents,Common_English
inform,inform,Common_English
ion,ion,Common_English
jeremy,jeremy,Common_English
lesbian,lesbian,Common_English
lovers,lovers,Common_English
lt,lt,Common_English
mathematics,mathematics,Common_English
medication,medication,Common_English
minded,minded,Common_English
morris,morris,Common_English
norway,norway,Common_English
par,par,Common_English
podcast,podcast,Common_English
portfolio,portfolio,Common_English
productivity,productivity,Common_English
promoted,promoted,Common_English
protocol,protocol,Common_English
quietly,quietly,Common_English
rachel,rachel,Common_English
replacing,replacing,Common_English
responsibilities,responsibilities,Common_English
scholarship,scholarship,Common_English
screening,screening,Common_English
sends,sends,Common_English
smiling,smiling,Common_English
southeast,southeast,Common_English
stake,stake,Common_English
stating,stating,Common_English
strain,strain,Common_English
suspected,suspected,Common_English
swift,swift,Common_English
tackle,tackle,Common_English
tigers,tigers,Common_English
timeline,timeline,Common_English
torture,torture,Common_English
traded,traded,Common_English
translated,translated,Common_English
tricks,tricks,Common_English
twins,twins,Common_English
urgent,urgent,Common_English
vegetables,vegetables,Common_English
vertical,vertical,Common_English
violation,violation,Common_English
welsh,welsh,Common_English
workshop,workshop,Common_English
wrapped,wrapped,Common_English
aboard,aboard,Common_English
abstract,abstract,Common_English
accent,accent,Common_English
addiction,addiction,Common_English
associates,associates,Common_English
awake,awake,Common_English
beam,beam,Common_English
beans,beans,Common_English
binding,binding,Common_English
blank,blank,Common_English
buffalo,buffalo,Common_English
cbs,cbs,Common_English
commons,commons,Common_English
conservatives,conservatives,Common_English
contacts,contacts,Common_English
conviction,conviction,Common_English
corrupt,corrupt,Common_English
curve,curve,Common_English
depressed,depressed,Common_English
deserved,deserved,Common_English
dining,dining,Common_English
disorders,disorders,Common_English
duration,duration,Common_English
eddie,eddie,Common_English
emily,emily,Common_English
encouraging,encouraging,Common_English
farms,farms,Common_English
fifteen,fifteen,Common_English
flows,flows,Common_English
ga,ga,Common_English
genes,genes,Common_English
graduated,graduated,Common_English
grandmother,grandmother,Common_English
harsh,harsh,Common_English
heights,heights,Common_English
horn,horn,Common_English
hurry,hurry,Common_English
immune,immune,Common_English
inflation,inflation,Common_English
ingredients,ingredients,Common_English
inspection,inspection,Common_English
install,install,Common_English
instruction,instruction,Common_English
intensity,intensity,Common_English
inventory,inventory,Common_English
investigated,investigated,Common_English
invitation,invitation,Common_English
judicial,judicial,Common_English
justify,justify,Common_English
kyle,kyle,Common_English
lakes,lakes,Common_English
lean,lean,Common_English
libraries,libraries,Common_English
logical,logical,Common_English
mason,mason,Common_English
meaningful,meaningful,Common_English
missile,missile,Common_English
motivated,motivated,Common_English
muscles,muscles,Common_English
nancy,nancy,Common_English
norman,norman,Common_English
northwest,northwest,Common_English
nurses,nurses,Common_English
organ,organ,Common_English
patrol,patrol,Common_English
pearl,pearl,Common_English
peer,peer,Common_English
pile,pile,Common_English
plug,plug,Common_English
provision,provision,Common_English
releasing,releasing,Common_English
requiring,requiring,Common_English
revised,revised,Common_English
rod,rod,Common_English
scream,scream,Common_English
stairs,stairs,Common_English
staring,staring,Common_English
statistical,statistical,Common_English
sticks,sticks,Common_English
strangers,strangers,Common_English
succeeded,succeeded,Common_English
sweat,sweat,Common_English
switched,switched,Common_English
syrian,syrian,Common_English
tattoo,tattoo,Common_English
teenage,teenage,Common_English
tours,tours,Common_English
trauma,trauma,Common_English
vincent,vincent,Common_English
accordance,accordance,Common_English
acquire,acquire,Common_English
activist,activist,Common_English
activists,activists,Common_English
addresses,addresses,Common_English
alike,alike,Common_English
applicable,applicable,Common_English
arrow,arrow,Common_English
availability,availability,Common_English
aw,aw,Common_English
ba,ba,Common_English
bend,bend,Common_English
boundary,boundary,Common_English
breach,breach,Common_English
cabin,cabin,Common_English
cage,cage,Common_English
chancellor,chancellor,Common_English
cheers,cheers,Common_English
circles,circles,Common_English
closet,closet,Common_English
combine,combine,Common_English
companion,companion,Common_English
comparing,comparing,Common_English
consultant,consultant,Common_English
controller,controller,Common_English
corresponding,corresponding,Common_English
courtesy,courtesy,Common_English
cuba,cuba,Common_English
damages,damages,Common_English
demanding,demanding,Common_English
disc,disc,Common_English
dishes,dishes,Common_English
dozens,dozens,Common_English
eaten,eaten,Common_English
engaging,engaging,Common_English
fascinating,fascinating,Common_English
financing,financing,Common_English
fitted,fitted,Common_English
flexible,flexible,Common_English
gaining,gaining,Common_English
gentlemen,gentlemen,Common_English
goodness,goodness,Common_English
haven,haven,Common_English
homework,homework,Common_English
households,households,Common_English
hp,hp,Common_English
iconic,iconic,Common_English
infected,infected,Common_English
keen,keen,Common_English
kenya,kenya,Common_English
lesser,lesser,Common_English
liberals,liberals,Common_English
lip,lip,Common_English
mandatory,mandatory,Common_English
manufactured,manufactured,Common_English
mechanics,mechanics,Common_English
mere,mere,Common_English
miracle,miracle,Common_English
mt,mt,Common_English
mud,mud,Common_English
murphy,murphy,Common_English
nathan,nathan,Common_English
observation,observation,Common_English
operates,operates,Common_English
owe,owe,Common_English
permitted,permitted,Common_English
phenomenon,phenomenon,Common_English
pittsburgh,pittsburgh,Common_English
playoff,playoff,Common_English
precise,precise,Common_English
profession,profession,Common_English
prospect,prospect,Common_English
protective,protective,Common_English
providers,providers,Common_English
publisher,publisher,Common_English
putin,putin,Common_English
reportedly,reportedly,Common_English
retreat,retreat,Common_English
rookie,rookie,Common_English
seeks,seeks,Common_English
sentences,sentences,Common_English
separation,separation,Common_English
sexually,sexually,Common_English
ski,ski,Common_English
skilled,skilled,Common_English
sterling,sterling,Common_English
stuart,stuart,Common_English
theft,theft,Common_English
um,um,Common_English
understands,understands,Common_English
valve,valve,Common_English
visa,visa,Common_English
washing,washing,Common_English
adjacent,adjacent,Common_English
agreements,agreements,Common_English
appreciation,appreciation,Common_English
arabia,arabia,Common_English
athletic,athletic,Common_English
authorized,authorized,Common_English
banner,banner,Common_English
beijing,beijing,Common_English
blew,blew,Common_English
blocking,blocking,Common_English
brad,brad,Common_English
caribbean,caribbean,Common_English
charm,charm,Common_English
chasing,chasing,Common_English
complaining,complaining,Common_English
cookies,cookies,Common_English
cruel,cruel,Common_English
curriculum,curriculum,Common_English
deadline,deadline,Common_English
demanded,demanded,Common_English
dive,dive,Common_English
divide,divide,Common_English
easter,easter,Common_English
electoral,electoral,Common_English
eleven,eleven,Common_English
entity,entity,Common_English
excessive,excessive,Common_English
exercises,exercises,Common_English
feminist,feminist,Common_English
governing,governing,Common_English
ham,ham,Common_English
heal,heal,Common_English
ios,ios,Common_English
jewelry,jewelry,Common_English
journalism,journalism,Common_English
juan,juan,Common_English
julia,julia,Common_English
linear,linear,Common_English
mg,mg,Common_English
occasional,occasional,Common_English
oriented,oriented,Common_English
pete,pete,Common_English
pilots,pilots,Common_English
prayers,prayers,Common_English
predicted,predicted,Common_English
pressed,pressed,Common_English
preventing,preventing,Common_English
prof,prof,Common_English
provisions,provisions,Common_English
pursuit,pursuit,Common_English
rap,rap,Common_English
reflected,reflected,Common_English
reminder,reminder,Common_English
restored,restored,Common_English
resume,resume,Common_English
rev,rev,Common_English
richmond,richmond,Common_English
samsung,samsung,Common_English
scholars,scholars,Common_English
sealed,sealed,Common_English
sounded,sounded,Common_English
sri,sri,Common_English
streams,streams,Common_English
strongest,strongest,Common_English
tends,tends,Common_English
tribe,tribe,Common_English
unfortunate,unfortunate,Common_English
variable,variable,Common_English
victorian,victorian,Common_English
worrying,worrying,Common_English
xi,xi,Common_English
zones,zones,Common_English
ace,ace,Common_English
adjusted,adjusted,Common_English
alternate,alternate,Common_English
arrives,arrives,Common_English
artwork,artwork,Common_English
ashley,ashley,Common_English
attraction,attraction,Common_English
babe,babe,Common_English
bankruptcy,bankruptcy,Common_English
canon,canon,Common_English
capabilities,capabilities,Common_English
cared,cared,Common_English
catherine,catherine,Common_English
chains,chains,Common_English
closure,closure,Common_English
cognitive,cognitive,Common_English
competitors,competitors,Common_English
connecticut,connecticut,Common_English
convert,convert,Common_English
cooked,cooked,Common_English
ct,ct,Common_English
cups,cups,Common_English
deciding,deciding,Common_English
defender,defender,Common_English
dental,dental,Common_English
diplomatic,diplomatic,Common_English
divisions,divisions,Common_English
drum,drum,Common_English
editorial,editorial,Common_English
enabled,enabled,Common_English
entertaining,entertaining,Common_English
est,est,Common_English
establishing,establishing,Common_English
eternal,eternal,Common_English
freeze,freeze,Common_English
generic,generic,Common_English
grandma,grandma,Common_English
grip,grip,Common_English
handful,handful,Common_English
happily,happily,Common_English
hmm,hmm,Common_English
humble,humble,Common_English
hurting,hurting,Common_English
hybrid,hybrid,Common_English
intentions,intentions,Common_English
investing,investing,Common_English
lasting,lasting,Common_English
locally,locally,Common_English
loses,loses,Common_English
mild,mild,Common_English
minimal,minimal,Common_English
mixing,mixing,Common_English
molecular,molecular,Common_English
nearest,nearest,Common_English
neighbor,neighbor,Common_English
noon,noon,Common_English
nowadays,nowadays,Common_English
openly,openly,Common_English
overview,overview,Common_English
pairs,pairs,Common_English
palestinian,palestinian,Common_English
parish,parish,Common_English
pathetic,pathetic,Common_English
poems,poems,Common_English
possibilities,possibilities,Common_English
potter,potter,Common_English
preference,preference,Common_English
promising,promising,Common_English
proportion,proportion,Common_English
purchases,purchases,Common_English
rage,rage,Common_English
reflects,reflects,Common_English
respected,respected,Common_English
restoration,restoration,Common_English
selfish,selfish,Common_English
sergeant,sergeant,Common_English
throne,throne,Common_English
thy,thy,Common_English
urge,urge,Common_English
voter,voter,Common_English
warner,warner,Common_English
wasting,wasting,Common_English
witch,witch,Common_English
advantages,advantages,Common_English
ally,ally,Common_English
archives,archives,Common_English
array,array,Common_English
assisted,assisted,Common_English
backs,backs,Common_English
belly,belly,Common_English
booth,booth,Common_English
breakdown,breakdown,Common_English
bridges,bridges,Common_English
brutal,brutal,Common_English
calculated,calculated,Common_English
cam,cam,Common_English
centres,centres,Common_English
chapters,chapters,Common_English
citizenship,citizenship,Common_English
civilians,civilians,Common_English
conflicts,conflicts,Common_English
consensus,consensus,Common_English
declaration,declaration,Common_English
dennis,dennis,Common_English
derby,derby,Common_English
distinction,distinction,Common_English
donations,donations,Common_English
dragons,dragons,Common_English
draws,draws,Common_English
examined,examined,Common_English
facial,facial,Common_English
faithful,faithful,Common_English
fatal,fatal,Common_English
fig,fig,Common_English
fitting,fitting,Common_English
genuinely,genuinely,Common_English
hardest,hardest,Common_English
holland,holland,Common_English
honored,honored,Common_English
hunger,hunger,Common_English
implications,implications,Common_English
import,import,Common_English
innovative,innovative,Common_English
ipad,ipad,Common_English
jurisdiction,jurisdiction,Common_English
laughter,laughter,Common_English
lemon,lemon,Common_English
les,les,Common_English
lifted,lifted,Common_English
loading,loading,Common_English
lung,lung,Common_English
matching,matching,Common_English
mighty,mighty,Common_English
monetary,monetary,Common_English
novels,novels,Common_English
nutrition,nutrition,Common_English
ore,ore,Common_English
os,os,Common_English
outcomes,outcomes,Common_English
outta,outta,Common_English
polls,polls,Common_English
poorly,poorly,Common_English
portugal,portugal,Common_English
pose,pose,Common_English
pour,pour,Common_English
proteins,proteins,Common_English
provider,provider,Common_English
publish,publish,Common_English
purely,purely,Common_English
ralph,ralph,Common_English
rental,rental,Common_English
resolved,resolved,Common_English
rewards,rewards,Common_English
sang,sang,Common_English
seemingly,seemingly,Common_English
senators,senators,Common_English
severely,severely,Common_English
shocking,shocking,Common_English
southwest,southwest,Common_English
ss,ss,Common_English
studios,studios,Common_English
survivors,survivors,Common_English
tales,tales,Common_English
technically,technically,Common_English
titled,titled,Common_English
traditions,traditions,Common_English
unlimited,unlimited,Common_English
washed,washed,Common_English
watches,watches,Common_English
advise,advise,Common_English
anxious,anxious,Common_English
appearances,appearances,Common_English
bombing,bombing,Common_English
cafe,cafe,Common_English
carlos,carlos,Common_English
challenged,challenged,Common_English
cigarettes,cigarettes,Common_English
colin,colin,Common_English
consisting,consisting,Common_English
cult,cult,Common_English
dairy,dairy,Common_English
dakota,dakota,Common_English
darling,darling,Common_English
delighted,delighted,Common_English
delivering,delivering,Common_English
destroying,destroying,Common_English
diary,diary,Common_English
disagree,disagree,Common_English
disappear,disappear,Common_English
earliest,earliest,Common_English
edges,edges,Common_English
entries,entries,Common_English
euro,euro,Common_English
evolved,evolved,Common_English
exports,exports,Common_English
fixing,fixing,Common_English
fl,fl,Common_English
flags,flags,Common_English
flies,flies,Common_English
fr,fr,Common_English
governance,governance,Common_English
heated,heated,Common_English
hug,hug,Common_English
importantly,importantly,Common_English
indicating,indicating,Common_English
indoor,indoor,Common_English
influential,influential,Common_English
intend,intend,Common_English
invisible,invisible,Common_English
jets,jets,Common_English
julie,julie,Common_English
karen,karen,Common_English
lasted,lasted,Common_English
lawsuit,lawsuit,Common_English
leak,leak,Common_English
lighter,lighter,Common_English
lucas,lucas,Common_English
marcus,marcus,Common_English
mentions,mentions,Common_English
meter,meter,Common_English
mice,mice,Common_English
musicians,musicians,Common_English
olive,olive,Common_English
passionate,passionate,Common_English
potatoes,potatoes,Common_English
prevented,prevented,Common_English
receiver,receiver,Common_English
recommendation,recommendation,Common_English
riot,riot,Common_English
rogers,rogers,Common_English
roster,roster,Common_English
safer,safer,Common_English
sells,sells,Common_English
sentenced,sentenced,Common_English
servant,servant,Common_English
setup,setup,Common_English
shouldve,shouldve,Common_English
skull,skull,Common_English
slot,slot,Common_English
smash,smash,Common_English
statue,statue,Common_English
surprisingly,surprisingly,Common_English
surrender,surrender,Common_English
suspicious,suspicious,Common_English
teenager,teenager,Common_English
tender,tender,Common_English
thoroughly,thoroughly,Common_English
todd,todd,Common_English
treatments,treatments,Common_English
tweeted,tweeted,Common_English
variations,variations,Common_English
vi,vi,Common_English
wheres,wheres,Common_English
wi,wi,Common_English
acknowledged,acknowledged,Common_English
advances,advances,Common_English
agrees,agrees,Common_English
allegations,allegations,Common_English
anticipated,anticipated,Common_English
approve,approve,Common_English
basin,basin,Common_English
beneficial,beneficial,Common_English
bleeding,bleeding,Common_English
breed,breed,Common_English
breeding,breeding,Common_English
bride,bride,Common_English
broadway,broadway,Common_English
bros,bros,Common_English
bud,bud,Common_English
butler,butler,Common_English
careers,careers,Common_English
celebrities,celebrities,Common_English
chick,chick,Common_English
coke,coke,Common_English
comparable,comparable,Common_English
confirmation,confirmation,Common_English
console,console,Common_English
contractor,contractor,Common_English
contributing,contributing,Common_English
diameter,diameter,Common_English
dubai,dubai,Common_English
dublin,dublin,Common_English
dump,dump,Common_English
duo,duo,Common_English
dynamics,dynamics,Common_English
enhanced,enhanced,Common_English
essays,essays,Common_English
exhausted,exhausted,Common_English
fabric,fabric,Common_English
fabulous,fabulous,Common_English
fairy,fairy,Common_English
focuses,focuses,Common_English
fold,fold,Common_English
freak,freak,Common_English
frustrated,frustrated,Common_English
gambling,gambling,Common_English
gently,gently,Common_English
glorious,glorious,Common_English
harrison,harrison,Common_English
historically,historically,Common_English
hub,hub,Common_English
hughes,hughes,Common_English
inevitable,inevitable,Common_English
investigating,investigating,Common_English
kg,kg,Common_English
labels,labels,Common_English
lacking,lacking,Common_English
laughs,laughs,Common_English
layout,layout,Common_English
lined,lined,Common_English
lodge,lodge,Common_English
lords,lords,Common_English
merchant,merchant,Common_English
merit,merit,Common_English
micro,micro,Common_English
myth,myth,Common_English
nintendo,nintendo,Common_English
objectives,objectives,Common_English
obsessed,obsessed,Common_English
organised,organised,Common_English
overwhelming,overwhelming,Common_English
pale,pale,Common_English
particles,particles,Common_English
pastor,pastor,Common_English
penalties,penalties,Common_English
permanently,permanently,Common_English
pets,pets,Common_English
pockets,pockets,Common_English
poison,poison,Common_English
predict,predict,Common_English
presenting,presenting,Common_English
presidents,presidents,Common_English
pressing,pressing,Common_English
prints,prints,Common_English
provincial,provincial,Common_English
raped,raped,Common_English
realised,realised,Common_English
rebel,rebel,Common_English
repairs,repairs,Common_English
rotation,rotation,Common_English
separately,separately,Common_English
shaking,shaking,Common_English
shaw,shaw,Common_English
societies,societies,Common_English
solved,solved,Common_English
starring,starring,Common_English
struggles,struggles,Common_English
subtle,subtle,Common_English
tastes,tastes,Common_English
throws,throws,Common_English
toll,toll,Common_English
tooth,tooth,Common_English
torn,torn,Common_English
tragic,tragic,Common_English
trainer,trainer,Common_English
transformed,transformed,Common_English
unbelievable,unbelievable,Common_English
underneath,underneath,Common_English
variation,variation,Common_English
viewing,viewing,Common_English
viral,viral,Common_English
wears,wears,Common_English
widow,widow,Common_English
wives,wives,Common_English
adjust,adjust,Common_English
administrator,administrator,Common_English
affecting,affecting,Common_English
allied,allied,Common_English
altogether,altogether,Common_English
animated,animated,Common_English
answering,answering,Common_English
assess,assess,Common_English
assumption,assumption,Common_English
assured,assured,Common_English
austria,austria,Common_English
avoided,avoided,Common_English
avoiding,avoiding,Common_English
beard,beard,Common_English
bio,bio,Common_English
brains,brains,Common_English
capability,capability,Common_English
charming,charming,Common_English
chiefs,chiefs,Common_English
commented,commented,Common_English
computing,computing,Common_English
concentrate,concentrate,Common_English
conducting,conducting,Common_English
consequence,consequence,Common_English
cruz,cruz,Common_English
curse,curse,Common_English
displays,displays,Common_English
drain,drain,Common_English
emissions,emissions,Common_English
ethical,ethical,Common_English
excellence,excellence,Common_English
flame,flame,Common_English
forests,forests,Common_English
freely,freely,Common_English
fruits,fruits,Common_English
grabbed,grabbed,Common_English
graduation,graduation,Common_English
hint,hint,Common_English
hostile,hostile,Common_English
imagined,imagined,Common_English
inhabitants,inhabitants,Common_English
ink,ink,Common_English
inn,inn,Common_English
intel,intel,Common_English
kicks,kicks,Common_English
legends,legends,Common_English
lo,lo,Common_English
lucy,lucy,Common_English
magazines,magazines,Common_English
matrix,matrix,Common_English
measuring,measuring,Common_English
miserable,miserable,Common_English
montreal,montreal,Common_English
nationwide,nationwide,Common_English
nest,nest,Common_English
newcastle,newcastle,Common_English
nicely,nicely,Common_English
ninth,ninth,Common_English
nomination,nomination,Common_English
notable,notable,Common_English
obligation,obligation,Common_English
optical,optical,Common_English
outlook,outlook,Common_English
penny,penny,Common_English
petty,petty,Common_English
phd,phd,Common_English
ports,ports,Common_English
preserved,preserved,Common_English
programmes,programmes,Common_English
prospects,prospects,Common_English
publishers,publishers,Common_English
quantity,quantity,Common_English
quantum,quantum,Common_English
rebels,rebels,Common_English
recognised,recognised,Common_English
reed,reed,Common_English
reign,reign,Common_English
responding,responding,Common_English
retained,retained,Common_English
rises,rises,Common_English
saves,saves,Common_English
scan,scan,Common_English
scare,scare,Common_English
sectors,sectors,Common_English
span,span,Common_English
specialized,specialized,Common_English
spencer,spencer,Common_English
submission,submission,Common_English
sunny,sunny,Common_English
supporter,supporter,Common_English
te,te,Common_English
testament,testament,Common_English
toe,toe,Common_English
tops,tops,Common_English
tremendous,tremendous,Common_English
valued,valued,Common_English
wounds,wounds,Common_English
ab,ab,Common_English
accommodation,accommodation,Common_English
achievements,achievements,Common_English
addressing,addressing,Common_English
adorable,adorable,Common_English
allegedly,allegedly,Common_English
ar,ar,Common_English
ashamed,ashamed,Common_English
assure,assure,Common_English
bailey,bailey,Common_English
ballot,ballot,Common_English
batteries,batteries,Common_English
blessing,blessing,Common_English
btw,btw,Common_English
chambers,chambers,Common_English
cheat,cheat,Common_English
cheer,cheer,Common_English
chile,chile,Common_English
cigarette,cigarette,Common_English
compact,compact,Common_English
completing,completing,Common_English
consulting,consulting,Common_English
cooling,cooling,Common_English
corners,corners,Common_English
couldve,couldve,Common_English
deficit,deficit,Common_English
demo,demo,Common_English
demon,demon,Common_English
demonstration,demonstration,Common_English
detected,detected,Common_English
detection,detection,Common_English
doll,doll,Common_English
donated,donated,Common_English
elaborate,elaborate,Common_English
elder,elder,Common_English
encountered,encountered,Common_English
expertise,expertise,Common_English
exploring,exploring,Common_English
fc,fc,Common_English
fiber,fiber,Common_English
filmed,filmed,Common_English
fried,fried,Common_English
grocery,grocery,Common_English
guided,guided,Common_English
guinea,guinea,Common_English
halfway,halfway,Common_English
happier,happier,Common_English
heels,heels,Common_English
holmes,holmes,Common_English
hull,hull,Common_English
independently,independently,Common_English
indication,indication,Common_English
insisted,insisted,Common_English
instances,instances,Common_English
intensive,intensive,Common_English
interactive,interactive,Common_English
intimate,intimate,Common_English
laundry,laundry,Common_English
lbs,lbs,Common_English
lifting,lifting,Common_English
linda,linda,Common_English
martial,martial,Common_English
nigerian,nigerian,Common_English
northeast,northeast,Common_English
observe,observe,Common_English
packing,packing,Common_English
panels,panels,Common_English
pokemon,pokemon,Common_English
politically,politically,Common_English
presumably,presumably,Common_English
pretending,pretending,Common_English
priorities,priorities,Common_English
pronounced,pronounced,Common_English
prosecution,prosecution,Common_English
proves,proves,Common_English
pulse,pulse,Common_English
purchasing,purchasing,Common_English
qualities,qualities,Common_English
queens,queens,Common_English
rational,rational,Common_English
realm,realm,Common_English
reforms,reforms,Common_English
revenues,revenues,Common_English
rides,rides,Common_English
ripped,ripped,Common_English
shadows,shadows,Common_English
shout,shout,Common_English
sierra,sierra,Common_English
specified,specified,Common_English
spectacular,spectacular,Common_English
stan,stan,Common_English
streak,streak,Common_English
subscription,subscription,Common_English
switching,switching,Common_English
technological,technological,Common_English
temporarily,temporarily,Common_English
tolerance,tolerance,Common_English
tourists,tourists,Common_English
traditionally,traditionally,Common_English
traveled,traveled,Common_English
treats,treats,Common_English
unhappy,unhappy,Common_English
whites,whites,Common_English
yup,yup,Common_English
accomplish,accomplish,Common_English
adequate,adequate,Common_English
alter,alter,Common_English
apology,apology,Common_English
arkansas,arkansas,Common_English
attributed,attributed,Common_English
beg,beg,Common_English
belonging,belonging,Common_English
booked,booked,Common_English
bout,bout,Common_English
brass,brass,Common_English
buzz,buzz,Common_English
clarke,clarke,Common_English
comeback,comeback,Common_English
cos,cos,Common_English
crops,crops,Common_English
declare,declare,Common_English
designers,designers,Common_English
detect,detect,Common_English
diagnosed,diagnosed,Common_English
diesel,diesel,Common_English
dimensions,dimensions,Common_English
dip,dip,Common_English
disturbing,disturbing,Common_English
dot,dot,Common_English
dresses,dresses,Common_English
dylan,dylan,Common_English
effectiveness,effectiveness,Common_English
eliminated,eliminated,Common_English
ellen,ellen,Common_English
embarrassed,embarrassed,Common_English
exceptional,exceptional,Common_English
filing,filing,Common_English
fled,fled,Common_English
foul,foul,Common_English
frankly,frankly,Common_English
freezing,freezing,Common_English
graph,graph,Common_English
hack,hack,Common_English
hannah,hannah,Common_English
hatred,hatred,Common_English
ignorant,ignorant,Common_English
influences,influences,Common_English
interact,interact,Common_English
judging,judging,Common_English
knights,knights,Common_English
limitations,limitations,Common_English
majesty,majesty,Common_English
measurement,measurement,Common_English
measurements,measurements,Common_English
median,median,Common_English
medieval,medieval,Common_English
milan,milan,Common_English
mobility,mobility,Common_English
montana,montana,Common_English
murders,murders,Common_English
nc,nc,Common_English
ne,ne,Common_English
nyc,nyc,Common_English
omg,omg,Common_English
orientation,orientation,Common_English
owen,owen,Common_English
passport,passport,Common_English
penis,penis,Common_English
pills,pills,Common_English
planets,planets,Common_English
proceeds,proceeds,Common_English
raises,raises,Common_English
ranges,ranges,Common_English
rats,rats,Common_English
retire,retire,Common_English
rhythm,rhythm,Common_English
ruth,ruth,Common_English
savage,savage,Common_English
servers,servers,Common_English
shook,shook,Common_English
shooter,shooter,Common_English
siblings,siblings,Common_English
slim,slim,Common_English
someday,someday,Common_English
sophisticated,sophisticated,Common_English
spam,spam,Common_English
speeds,speeds,Common_English
stack,stack,Common_English
stance,stance,Common_English
static,static,Common_English
supportive,supportive,Common_English
surgical,surgical,Common_English
symbols,symbols,Common_English
tablet,tablet,Common_English
tent,tent,Common_English
thesis,thesis,Common_English
tide,tide,Common_English
travels,travels,Common_English
wallace,wallace,Common_English
warfare,warfare,Common_English
warming,warming,Common_English
weekends,weekends,Common_English
withdraw,withdraw,Common_English
withdrawal,withdrawal,Common_English
youngest,youngest,Common_English
aging,aging,Common_English
airline,airline,Common_English
alternatives,alternatives,Common_English
anyways,anyways,Common_English
argues,argues,Common_English
audit,audit,Common_English
authentic,authentic,Common_English
ave,ave,Common_English
backwards,backwards,Common_English
bi,bi,Common_English
blonde,blonde,Common_English
blows,blows,Common_English
bolt,bolt,Common_English
brooks,brooks,Common_English
bugs,bugs,Common_English
bust,bust,Common_English
clearing,clearing,Common_English
clips,clips,Common_English
collar,collar,Common_English
columbus,columbus,Common_English
comply,comply,Common_English
cope,cope,Common_English
counted,counted,Common_English
crashed,crashed,Common_English
creepy,creepy,Common_English
cum,cum,Common_English
denmark,denmark,Common_English
divorced,divorced,Common_English
donate,donate,Common_English
drawings,drawings,Common_English
dried,dried,Common_English
ebay,ebay,Common_English
echo,echo,Common_English
editors,editors,Common_English
edwards,edwards,Common_English
emotionally,emotionally,Common_English
enhance,enhance,Common_English
experiencing,experiencing,Common_English
extending,extending,Common_English
finale,finale,Common_English
flavor,flavor,Common_English
floors,floors,Common_English
freaking,freaking,Common_English
gloves,gloves,Common_English
harper,harper,Common_English
hart,hart,Common_English
ignorance,ignorance,Common_English
ignoring,ignoring,Common_English
immigrant,immigrant,Common_English
induced,induced,Common_English
inspiring,inspiring,Common_English
intermediate,intermediate,Common_English
invention,invention,Common_English
ip,ip,Common_English
jesse,jesse,Common_English
joins,joins,Common_English
joking,joking,Common_English
lgbt,lgbt,Common_English
likewise,likewise,Common_English
lineup,lineup,Common_English
logan,logan,Common_English
magnificent,magnificent,Common_English
mathematical,mathematical,Common_English
meantime,meantime,Common_English
nails,nails,Common_English
nevada,nevada,Common_English
newest,newest,Common_English
nonetheless,nonetheless,Common_English
nut,nut,Common_English
oclock,oclock,Common_English
opposing,opposing,Common_English
origins,origins,Common_English
orlando,orlando,Common_English
physicians,physicians,Common_English
pipeline,pipeline,Common_English
placement,placement,Common_English
planted,planted,Common_English
pricing,pricing,Common_English
pt,pt,Common_English
puerto,puerto,Common_English
questioning,questioning,Common_English
recreation,recreation,Common_English
renewed,renewed,Common_English
resigned,resigned,Common_English
rt,rt,Common_English
shallow,shallow,Common_English
shanghai,shanghai,Common_English
shitty,shitty,Common_English
singh,singh,Common_English
sins,sins,Common_English
sketch,sketch,Common_English
smells,smells,Common_English
soda,soda,Common_English
spite,spite,Common_English
sponsor,sponsor,Common_English
strengthen,strengthen,Common_English
strings,strings,Common_English
sunset,sunset,Common_English
taiwan,taiwan,Common_English
thanksgiving,thanksgiving,Common_English
thee,thee,Common_English
thermal,thermal,Common_English
trades,trades,Common_English
transform,transform,Common_English
witnessed,witnessed,Common_English
workplace,workplace,Common_English
yelling,yelling,Common_English
yorkshire,yorkshire,Common_English
achieving,achieving,Common_English
aliens,aliens,Common_English
amsterdam,amsterdam,Common_English
analyst,analyst,Common_English
arabic,arabic,Common_English
arctic,arctic,Common_English
assists,assists,Common_English
bennett,bennett,Common_English
bristol,bristol,Common_English
burnt,burnt,Common_English
buyer,buyer,Common_English
calories,calories,Common_English
cannabis,cannabis,Common_English
cease,cease,Common_English
championships,championships,Common_English
chapel,chapel,Common_English
cloth,cloth,Common_English
conferences,conferences,Common_English
considers,considers,Common_English
container,container,Common_English
cowboys,cowboys,Common_English
crushed,crushed,Common_English
deployed,deployed,Common_English
differ,differ,Common_English
dimensional,dimensional,Common_English
eager,eager,Common_English
elect,elect,Common_English
elevated,elevated,Common_English
essence,essence,Common_English
executives,executives,Common_English
familys,familys,Common_English
flames,flames,Common_English
fur,fur,Common_English
gps,gps,Common_English
harold,harold,Common_English
harvest,harvest,Common_English
headline,headline,Common_English
hudson,hudson,Common_English
hype,hype,Common_English
identifying,identifying,Common_English
impacts,impacts,Common_English
insist,insist,Common_English
jo,jo,Common_English
junk,junk,Common_English
kenny,kenny,Common_English
kidney,kidney,Common_English
lloyd,lloyd,Common_English
marc,marc,Common_English
mechanisms,mechanisms,Common_English
mineral,mineral,Common_English
mob,mob,Common_English
modest,modest,Common_English
motors,motors,Common_English
mph,mph,Common_English
navigation,navigation,Common_English
nicholas,nicholas,Common_English
paragraph,paragraph,Common_English
passive,passive,Common_English
phillips,phillips,Common_English
pill,pill,Common_English
pork,pork,Common_English
portuguese,portuguese,Common_English
profitable,profitable,Common_English
provinces,provinces,Common_English
ranch,ranch,Common_English
rays,rays,Common_English
reasonably,reasonably,Common_English
reject,reject,Common_English
remainder,remainder,Common_English
schemes,schemes,Common_English
screens,screens,Common_English
seized,seized,Common_English
semester,semester,Common_English
sentiment,sentiment,Common_English
servants,servants,Common_English
shipped,shipped,Common_English
socks,socks,Common_English
sp,sp,Common_English
sr,sr,Common_English
suited,suited,Common_English
supplement,supplement,Common_English
surviving,surviving,Common_English
thereby,thereby,Common_English
threshold,threshold,Common_English
til,til,Common_English
tin,tin,Common_English
tires,tires,Common_English
tribal,tribal,Common_English
tribes,tribes,Common_English
trunk,trunk,Common_English
uncertainty,uncertainty,Common_English
vampire,vampire,Common_English
varied,varied,Common_English
verdict,verdict,Common_English
abandon,abandon,Common_English
accommodate,accommodate,Common_English
accordingly,accordingly,Common_English
aesthetic,aesthetic,Common_English
altered,altered,Common_English
anchor,anchor,Common_English
angela,angela,Common_English
apr,apr,Common_English
associations,associations,Common_English
au,au,Common_English
audiences,audiences,Common_English
axis,axis,Common_English
badge,badge,Common_English
bernard,bernard,Common_English
bizarre,bizarre,Common_English
bounce,bounce,Common_English
broadcasting,broadcasting,Common_English
bs,bs,Common_English
bullets,bullets,Common_English
buses,buses,Common_English
cannon,cannon,Common_English
carol,carol,Common_English
carriers,carriers,Common_English
chairs,chairs,Common_English
cleaned,cleaned,Common_English
complexity,complexity,Common_English
confusing,confusing,Common_English
consultation,consultation,Common_English
continental,continental,Common_English
convenience,convenience,Common_English
deliberately,deliberately,Common_English
diamonds,diamonds,Common_English
diana,diana,Common_English
dictionary,dictionary,Common_English
dignity,dignity,Common_English
dimension,dimension,Common_English
disappointing,disappointing,Common_English
doug,doug,Common_English
duncan,duncan,Common_English
ego,ego,Common_English
enthusiasm,enthusiasm,Common_English
environments,environments,Common_English
equation,equation,Common_English
extract,extract,Common_English
favorites,favorites,Common_English
fisher,fisher,Common_English
flexibility,flexibility,Common_English
flowing,flowing,Common_English
fm,fm,Common_English
fridge,fridge,Common_English
functioning,functioning,Common_English
fusion,fusion,Common_English
gauge,gauge,Common_English
graduates,graduates,Common_English
gut,gut,Common_English
heck,heck,Common_English
helmet,helmet,Common_English
holders,holders,Common_English
ideology,ideology,Common_English
idiots,idiots,Common_English
inclusion,inclusion,Common_English
initiatives,initiatives,Common_English
innings,innings,Common_English
insects,insects,Common_English
instructor,instructor,Common_English
isolation,isolation,Common_English
justified,justified,Common_English
keeper,keeper,Common_English
lamb,lamb,Common_English
liar,liar,Common_English
machinery,machinery,Common_English
mega,mega,Common_English
namely,namely,Common_English
nbc,nbc,Common_English
needing,needing,Common_English
nerves,nerves,Common_English
nhl,nhl,Common_English
obamas,obamas,Common_English
observations,observations,Common_English
ordering,ordering,Common_English
palmer,palmer,Common_English
paths,paths,Common_English
peers,peers,Common_English
pending,pending,Common_English
platinum,platinum,Common_English
possess,possess,Common_English
praised,praised,Common_English
premises,premises,Common_English
probability,probability,Common_English
ps,ps,Common_English
questioned,questioned,Common_English
refuses,refuses,Common_English
resignation,resignation,Common_English
rider,rider,Common_English
ritual,ritual,Common_English
ruins,ruins,Common_English
slam,slam,Common_English
stakes,stakes,Common_English
starter,starter,Common_English
sticking,sticking,Common_English
subscribe,subscribe,Common_English
superman,superman,Common_English
surfaces,surfaces,Common_English
ta,ta,Common_English
territories,territories,Common_English
tire,tire,Common_English
tl,tl,Common_English
towers,towers,Common_English
transfers,transfers,Common_English
utterly,utterly,Common_English
voltage,voltage,Common_English
warn,warn,Common_English
width,width,Common_English
workout,workout,Common_English
aa,aa,Common_English
abu,abu,Common_English
activated,activated,Common_English
adaptation,adaptation,Common_English
advisor,advisor,Common_English
apartments,apartments,Common_English
attitudes,attitudes,Common_English
attorneys,attorneys,Common_English
bail,bail,Common_English
barriers,barriers,Common_English
belonged,belonged,Common_English
bradley,bradley,Common_English
brandon,brandon,Common_English
broader,broader,Common_English
buck,buck,Common_English
cal,cal,Common_English
caroline,caroline,Common_English
characterized,characterized,Common_English
civilization,civilization,Common_English
congrats,congrats,Common_English
contractors,contractors,Common_English
dealers,dealers,Common_English
delicate,delicate,Common_English
den,den,Common_English
derek,derek,Common_English
desires,desires,Common_English
disk,disk,Common_English
enters,enters,Common_English
evaluate,evaluate,Common_English
formally,formally,Common_English
frames,frames,Common_English
goddess,goddess,Common_English
gov,gov,Common_English
hampshire,hampshire,Common_English
harassment,harassment,Common_English
hats,hats,Common_English
hugh,hugh,Common_English
insert,insert,Common_English
joan,joan,Common_English
lebanon,lebanon,Common_English
leeds,leeds,Common_English
legit,legit,Common_English
leonard,leonard,Common_English
liquor,liquor,Common_English
loser,loser,Common_English
malcolm,malcolm,Common_English
massage,massage,Common_English
matched,matched,Common_English
messed,messed,Common_English
milwaukee,milwaukee,Common_English
nato,nato,Common_English
nephew,nephew,Common_English
notably,notably,Common_English
oz,oz,Common_English
packages,packages,Common_English
pad,pad,Common_English
pakistani,pakistani,Common_English
participated,participated,Common_English
precision,precision,Common_English
preservation,preservation,Common_English
priests,priests,Common_English
privately,privately,Common_English
prizes,prizes,Common_English
pulls,pulls,Common_English
qualifying,qualifying,Common_English
reasoning,reasoning,Common_English
relaxed,relaxed,Common_English
reporters,reporters,Common_English
roses,roses,Common_English
rumors,rumors,Common_English
sail,sail,Common_English
salmon,salmon,Common_English
secretly,secretly,Common_English
seller,seller,Common_English
sen,sen,Common_English
seo,seo,Common_English
sheer,sheer,Common_English
shifts,shifts,Common_English
simpson,simpson,Common_English
smallest,smallest,Common_English
specially,specially,Common_English
stark,stark,Common_English
struggled,struggled,Common_English
sympathy,sympathy,Common_English
tan,tan,Common_English
teenagers,teenagers,Common_English
theoretical,theoretical,Common_English
thumb,thumb,Common_English
timber,timber,Common_English
transparent,transparent,Common_English
travis,travis,Common_English
trumps,trumps,Common_English
tweets,tweets,Common_English
tx,tx,Common_English
upside,upside,Common_English
urged,urged,Common_English
visitor,visitor,Common_English
vitamin,vitamin,Common_English
void,void,Common_English
voluntary,voluntary,Common_English
whip,whip,Common_English
wipe,wipe,Common_English
wolves,wolves,Common_English
wrist,wrist,Common_English
abused,abused,Common_English
acute,acute,Common_English
admiral,admiral,Common_English
amanda,amanda,Common_English
arnold,arnold,Common_English
arrange,arrange,Common_English
behave,behave,Common_English
betting,betting,Common_English
blair,blair,Common_English
bo,bo,Common_English
borrow,borrow,Common_English
capitol,capitol,Common_English
celtic,celtic,Common_English
chan,chan,Common_English
chin,chin,Common_English
civic,civic,Common_English
clerk,clerk,Common_English
conclusions,conclusions,Common_English
considerably,considerably,Common_English
contacted,contacted,Common_English
coup,coup,Common_English
criticized,criticized,Common_English
crude,crude,Common_English
dash,dash,Common_English
decreased,decreased,Common_English
defended,defended,Common_English
demons,demons,Common_English
deposits,deposits,Common_English
disclosure,disclosure,Common_English
disposal,disposal,Common_English
distinctive,distinctive,Common_English
documented,documented,Common_English
donation,donation,Common_English
dragged,dragged,Common_English
elses,elses,Common_English
encounters,encounters,Common_English
ensuring,ensuring,Common_English
enterprises,enterprises,Common_English
escort,escort,Common_English
exams,exams,Common_English
firmly,firmly,Common_English
flour,flour,Common_English
gdp,gdp,Common_English
geneva,geneva,Common_English
hindu,hindu,Common_English
holdings,holdings,Common_English
indie,indie,Common_English
indirect,indirect,Common_English
inspire,inspire,Common_English
institutional,institutional,Common_English
interim,interim,Common_English
interviewed,interviewed,Common_English
java,java,Common_English
jefferson,jefferson,Common_English
jerk,jerk,Common_English
karl,karl,Common_English
kindly,kindly,Common_English
kindness,kindness,Common_English
leaked,leaked,Common_English
locals,locals,Common_English
lottery,lottery,Common_English
louise,louise,Common_English
magnitude,magnitude,Common_English
mc,mc,Common_English
minus,minus,Common_English
nhs,nhs,Common_English
noting,noting,Common_English
nude,nude,Common_English
organs,organs,Common_English
outlet,outlet,Common_English
outlets,outlets,Common_English
parameters,parameters,Common_English
pause,pause,Common_English
pledge,pledge,Common_English
portal,portal,Common_English
prescription,prescription,Common_English
protesters,protesters,Common_English
proving,proving,Common_English
publicity,publicity,Common_English
punished,punished,Common_English
puppy,puppy,Common_English
recruitment,recruitment,Common_English
screwed,screwed,Common_English
shades,shades,Common_English
shakespeare,shakespeare,Common_English
silicon,silicon,Common_English
slice,slice,Common_English
spelling,spelling,Common_English
spurs,spurs,Common_English
subscribers,subscribers,Common_English
surveys,surveys,Common_English
survivor,survivor,Common_English
telegraph,telegraph,Common_English
tits,tits,Common_English
vaccine,vaccine,Common_English
vinyl,vinyl,Common_English
westminster,westminster,Common_English
wished,wished,Common_English
wonders,wonders,Common_English
accurately,accurately,Common_English
adelaide,adelaide,Common_English
affiliate,affiliate,Common_English
alfred,alfred,Common_English
asylum,asylum,Common_English
barn,barn,Common_English
bent,bent,Common_English
bernie,bernie,Common_English
brussels,brussels,Common_English
centered,centered,Common_English
childs,childs,Common_English
clause,clause,Common_English
cluster,cluster,Common_English
complained,complained,Common_English
compounds,compounds,Common_English
consistency,consistency,Common_English
cr,cr,Common_English
cracked,cracked,Common_English
cylinder,cylinder,Common_English
deaf,deaf,Common_English
debts,debts,Common_English
denial,denial,Common_English
digging,digging,Common_English
dock,dock,Common_English
entrepreneur,entrepreneur,Common_English
evident,evident,Common_English
expectation,expectation,Common_English
expedition,expedition,Common_English
expressing,expressing,Common_English
extends,extends,Common_English
facilitate,facilitate,Common_English
failures,failures,Common_English
feat,feat,Common_English
fossil,fossil,Common_English
founding,founding,Common_English
freight,freight,Common_English
generating,generating,Common_English
goddamn,goddamn,Common_English
guides,guides,Common_English
honesty,honesty,Common_English
inappropriate,inappropriate,Common_English
infant,infant,Common_English
initiated,initiated,Common_English
injection,injection,Common_English
instrumental,instrumental,Common_English
insult,insult,Common_English
interference,interference,Common_English
interstate,interstate,Common_English
julian,julian,Common_English
launching,launching,Common_English
liking,liking,Common_English
linux,linux,Common_English
luis,luis,Common_English
mates,mates,Common_English
mediterranean,mediterranean,Common_English
neat,neat,Common_English
negotiate,negotiate,Common_English
neo,neo,Common_English
nicole,nicole,Common_English
obligations,obligations,Common_English
offset,offset,Common_English
outbreak,outbreak,Common_English
pal,pal,Common_English
palestine,palestine,Common_English
perfection,perfection,Common_English
pigs,pigs,Common_English
pirates,pirates,Common_English
posters,posters,Common_English
practicing,practicing,Common_English
praying,praying,Common_English
probe,probe,Common_English
prohibited,prohibited,Common_English
projected,projected,Common_English
propose,propose,Common_English
quarterly,quarterly,Common_English
recipes,recipes,Common_English
recruiting,recruiting,Common_English
refusing,refusing,Common_English
rehabilitation,rehabilitation,Common_English
reid,reid,Common_English
remix,remix,Common_English
resistant,resistant,Common_English
reynolds,reynolds,Common_English
riders,riders,Common_English
robots,robots,Common_English
rockets,rockets,Common_English
roller,roller,Common_English
shapes,shapes,Common_English
skinny,skinny,Common_English
slipped,slipped,Common_English
sneak,sneak,Common_English
solving,solving,Common_English
sore,sore,Common_English
spark,spark,Common_English
speculation,speculation,Common_English
steep,steep,Common_English
stevens,stevens,Common_English
straw,straw,Common_English
successor,successor,Common_English
targeting,targeting,Common_English
triggered,triggered,Common_English
troubles,troubles,Common_English
uncertain,uncertain,Common_English
vector,vector,Common_English
violations,violations,Common_English
weigh,weigh,Common_English
whatsoever,whatsoever,Common_English
wicked,wicked,Common_English
abraham,abraham,Common_English
absent,absent,Common_English
acoustic,acoustic,Common_English
adapt,adapt,Common_English
ancestors,ancestors,Common_English
archive,archive,Common_English
atomic,atomic,Common_English
bean,bean,Common_English
bryan,bryan,Common_English
bump,bump,Common_English
buttons,buttons,Common_English
claire,claire,Common_English
cocaine,cocaine,Common_English
cohen,cohen,Common_English
colleague,colleague,Common_English
compelling,compelling,Common_English
compiled,compiled,Common_English
complications,complications,Common_English
construct,construct,Common_English
cord,cord,Common_English
crowded,crowded,Common_English
cyber,cyber,Common_English
dale,dale,Common_English
debates,debates,Common_English
defendant,defendant,Common_English
delays,delays,Common_English
dense,dense,Common_English
desperately,desperately,Common_English
doctrine,doctrine,Common_English
expose,expose,Common_English
financially,financially,Common_English
freshman,freshman,Common_English
furious,furious,Common_English
gameplay,gameplay,Common_English
geography,geography,Common_English
gig,gig,Common_English
habitat,habitat,Common_English
harbour,harbour,Common_English
hazard,hazard,Common_English
hydrogen,hydrogen,Common_English
implies,implies,Common_English
intact,intact,Common_English
intake,intake,Common_English
irrelevant,irrelevant,Common_English
jaw,jaw,Common_English
jin,jin,Common_English
kitty,kitty,Common_English
lauren,lauren,Common_English
lawn,lawn,Common_English
manufacture,manufacture,Common_English
martha,martha,Common_English
medals,medals,Common_English
mercedes,mercedes,Common_English
mistaken,mistaken,Common_English
moses,moses,Common_English
nashville,nashville,Common_English
nebraska,nebraska,Common_English
needle,needle,Common_English
ol,ol,Common_English
olds,olds,Common_English
organize,organize,Common_English
ottawa,ottawa,Common_English
oval,oval,Common_English
pity,pity,Common_English
porter,porter,Common_English
portions,portions,Common_English
prey,prey,Common_English
prophet,prophet,Common_English
raymond,raymond,Common_English
recalled,recalled,Common_English
reduces,reduces,Common_English
referendum,referendum,Common_English
refugee,refugee,Common_English
regulated,regulated,Common_English
rounded,rounded,Common_English
ruby,ruby,Common_English
rushed,rushed,Common_English
sanders,sanders,Common_English
satisfy,satisfy,Common_English
scales,scales,Common_English
seasonal,seasonal,Common_English
segments,segments,Common_English
sensible,sensible,Common_English
shifted,shifted,Common_English
shifting,shifting,Common_English
shining,shining,Common_English
slower,slower,Common_English
spinning,spinning,Common_English
stanford,stanford,Common_English
stepping,stepping,Common_English
teammates,teammates,Common_English
touches,touches,Common_English
township,township,Common_English
travelled,travelled,Common_English
twisted,twisted,Common_English
usb,usb,Common_English
vienna,vienna,Common_English
wade,wade,Common_English
writings,writings,Common_English
admire,admire,Common_English
af,af,Common_English
amber,amber,Common_English
ankle,ankle,Common_English
armor,armor,Common_English
autism,autism,Common_English
bachelor,bachelor,Common_English
berry,berry,Common_English
billions,billions,Common_English
brady,brady,Common_English
brisbane,brisbane,Common_English
bulls,bulls,Common_English
bullying,bullying,Common_English
capitalism,capitalism,Common_English
caution,caution,Common_English
certification,certification,Common_English
characteristic,characteristic,Common_English
clan,clan,Common_English
clash,clash,Common_English
columns,columns,Common_English
compatible,compatible,Common_English
concerts,concerts,Common_English
condemned,condemned,Common_English
configuration,configuration,Common_English
continuously,continuously,Common_English
convincing,convincing,Common_English
coupled,coupled,Common_English
determining,determining,Common_English
entities,entities,Common_English
exceptions,exceptions,Common_English
explosive,explosive,Common_English
flooding,flooding,Common_English
fortunate,fortunate,Common_English
fortunately,fortunately,Common_English
foundations,foundations,Common_English
frontier,frontier,Common_English
frustrating,frustrating,Common_English
geographic,geographic,Common_English
glenn,glenn,Common_English
grande,grande,Common_English
grasp,grasp,Common_English
handy,handy,Common_English
hardcore,hardcore,Common_English
harmful,harmful,Common_English
headache,headache,Common_English
hers,hers,Common_English
hispanic,hispanic,Common_English
incentive,incentive,Common_English
inclusive,inclusive,Common_English
infections,infections,Common_English
jackie,jackie,Common_English
joel,joel,Common_English
kissing,kissing,Common_English
lanes,lanes,Common_English
licence,licence,Common_English
lungs,lungs,Common_English
madness,madness,Common_English
mandate,mandate,Common_English
manga,manga,Common_English
memorable,memorable,Common_English
merger,merger,Common_English
minorities,minorities,Common_English
nj,nj,Common_English
occurring,occurring,Common_English
organizing,organizing,Common_English
performs,performs,Common_English
ph,ph,Common_English
po,po,Common_English
poker,poker,Common_English
portable,portable,Common_English
priced,priced,Common_English
quebec,quebec,Common_English
randomly,randomly,Common_English
rankings,rankings,Common_English
realizing,realizing,Common_English
resign,resign,Common_English
revealing,revealing,Common_English
rico,rico,Common_English
robbery,robbery,Common_English
rub,rub,Common_English
runners,runners,Common_English
sally,sally,Common_English
scattered,scattered,Common_English
scout,scout,Common_English
searched,searched,Common_English
sexuality,sexuality,Common_English
shouting,shouting,Common_English
slap,slap,Common_English
steak,steak,Common_English
succession,succession,Common_English
superintendent,superintendent,Common_English
suspicion,suspicion,Common_English
sweep,sweep,Common_English
tactical,tactical,Common_English
talents,talents,Common_English
thereafter,thereafter,Common_English
thorough,thorough,Common_English
tuition,tuition,Common_English
tumor,tumor,Common_English
usd,usd,Common_English
variables,variables,Common_English
varying,varying,Common_English
wholesale,wholesale,Common_English
wwe,wwe,Common_English
administered,administered,Common_English
affiliated,affiliated,Common_English
apples,apples,Common_English
architectural,architectural,Common_English
artillery,artillery,Common_English
assembled,assembled,Common_English
bangladesh,bangladesh,Common_English
barack,barack,Common_English
beaches,beaches,Common_English
bees,bees,Common_English
boarding,boarding,Common_English
bothered,bothered,Common_English
casey,casey,Common_English
cheek,cheek,Common_English
chen,chen,Common_English
cincinnati,cincinnati,Common_English
circular,circular,Common_English
circulation,circulation,Common_English
clearance,clearance,Common_English
closes,closes,Common_English
coincidence,coincidence,Common_English
commands,commands,Common_English
commissioned,commissioned,Common_English
concentrated,concentrated,Common_English
conscience,conscience,Common_English
cooler,cooler,Common_English
countless,countless,Common_English
curry,curry,Common_English
dame,dame,Common_English
deceased,deceased,Common_English
dedication,dedication,Common_English
defining,defining,Common_English
detention,detention,Common_English
disputes,disputes,Common_English
drake,drake,Common_English
employ,employ,Common_English
enforce,enforce,Common_English
explicit,explicit,Common_English
explicitly,explicitly,Common_English
eyed,eyed,Common_English
florence,florence,Common_English
flu,flu,Common_English
forbidden,forbidden,Common_English
fraction,fraction,Common_English
infantry,infantry,Common_English
integral,integral,Common_English
investor,investor,Common_English
janet,janet,Common_English
judged,judged,Common_English
katie,katie,Common_English
kidnapped,kidnapped,Common_English
lectures,lectures,Common_English
lightly,lightly,Common_English
linking,linking,Common_English
maintains,maintains,Common_English
maritime,maritime,Common_English
melt,melt,Common_English
modes,modes,Common_English
monica,monica,Common_English
mumbai,mumbai,Common_English
nominee,nominee,Common_English
oath,oath,Common_English
offence,offence,Common_English
packaging,packaging,Common_English
patriots,patriots,Common_English
pee,pee,Common_English
pirate,pirate,Common_English
polar,polar,Common_English
prediction,prediction,Common_English
preview,preview,Common_English
processed,processed,Common_English
pursuing,pursuing,Common_English
rapper,rapper,Common_English
rebecca,rebecca,Common_English
reconstruction,reconstruction,Common_English
renowned,renowned,Common_English
revelation,revelation,Common_English
sara,sara,Common_English
scholar,scholar,Common_English
sharks,sharks,Common_English
shoots,shoots,Common_English
socially,socially,Common_English
spa,spa,Common_English
spike,spike,Common_English
sprint,sprint,Common_English
stir,stir,Common_English
stuffed,stuffed,Common_English
substantially,substantially,Common_English
suburbs,suburbs,Common_English
superb,superb,Common_English
supposedly,supposedly,Common_English
tab,tab,Common_English
tendency,tendency,Common_English
thatll,thatll,Common_English
theirs,theirs,Common_English
toast,toast,Common_English
toes,toes,Common_English
touchdown,touchdown,Common_English
traits,traits,Common_English
trek,trek,Common_English
tricky,tricky,Common_English
triumph,triumph,Common_English
uber,uber,Common_English
underwear,underwear,Common_English
unto,unto,Common_English
viable,viable,Common_English
waist,waist,Common_English
welcomed,welcomed,Common_English
wit,wit,Common_English
wreck,wreck,Common_English
absurd,absurd,Common_English
accessories,accessories,Common_English
adrian,adrian,Common_English
advocates,advocates,Common_English
ag,ag,Common_English
ambitious,ambitious,Common_English
amid,amid,Common_English
annoyed,annoyed,Common_English
appealing,appealing,Common_English
appointments,appointments,Common_English
assumptions,assumptions,Common_English
bargain,bargain,Common_English
binary,binary,Common_English
blend,blend,Common_English
blogs,blogs,Common_English
brake,brake,Common_English
builds,builds,Common_English
businessman,businessman,Common_English
cab,cab,Common_English
ch,ch,Common_English
chi,chi,Common_English
col,col,Common_English
collision,collision,Common_English
colombia,colombia,Common_English
consumed,consumed,Common_English
corrected,corrected,Common_English
correction,correction,Common_English
cough,cough,Common_English
cousins,cousins,Common_English
critic,critic,Common_English
czech,czech,Common_English
defenders,defenders,Common_English
denying,denying,Common_English
depot,depot,Common_English
distress,distress,Common_English
documentation,documentation,Common_English
doubts,doubts,Common_English
dramatically,dramatically,Common_English
drank,drank,Common_English
dudes,dudes,Common_English
eats,eats,Common_English
elegant,elegant,Common_English
elevator,elevator,Common_English
ellis,ellis,Common_English
exchanges,exchanges,Common_English
excuses,excuses,Common_English
execute,execute,Common_English
factories,factories,Common_English
feast,feast,Common_English
finland,finland,Common_English
frederick,frederick,Common_English
goin,goin,Common_English
herald,herald,Common_English
hike,hike,Common_English
hollow,hollow,Common_English
homeland,homeland,Common_English
hows,hows,Common_English
imported,imported,Common_English
ing,ing,Common_English
internationally,internationally,Common_English
iraqi,iraqi,Common_English
itunes,itunes,Common_English
kane,kane,Common_English
kissed,kissed,Common_English
lame,lame,Common_English
licensing,licensing,Common_English
limiting,limiting,Common_English
locker,locker,Common_English
mainland,mainland,Common_English
marking,marking,Common_English
messenger,messenger,Common_English
metals,metals,Common_English
missiles,missiles,Common_English
munich,munich,Common_English
norwegian,norwegian,Common_English
philosophical,philosophical,Common_English
pierre,pierre,Common_English
pipes,pipes,Common_English
plasma,plasma,Common_English
plea,plea,Common_English
punish,punish,Common_English
purse,purse,Common_English
quarterback,quarterback,Common_English
reagan,reagan,Common_English
ref,ref,Common_English
relieved,relieved,Common_English
replies,replies,Common_English
reservation,reservation,Common_English
rhetoric,rhetoric,Common_English
rivals,rivals,Common_English
rushing,rushing,Common_English
salvation,salvation,Common_English
sanctions,sanctions,Common_English
secular,secular,Common_English
sensitivity,sensitivity,Common_English
shane,shane,Common_English
sigh,sigh,Common_English
sixteen,sixteen,Common_English
sovereign,sovereign,Common_English
specifications,specifications,Common_English
spends,spends,Common_English
spouse,spouse,Common_English
stat,stat,Common_English
supervisor,supervisor,Common_English
synthetic,synthetic,Common_English
teaches,teaches,Common_English
tense,tense,Common_English
terrifying,terrifying,Common_English
toyota,toyota,Common_English
tracked,tracked,Common_English
traders,traders,Common_English
troy,troy,Common_English
varieties,varieties,Common_English
vegan,vegan,Common_English
waking,waking,Common_English
walmart,walmart,Common_English
wang,wang,Common_English
wilderness,wilderness,Common_English
admits,admits,Common_English
adviser,adviser,Common_English
aggregate,aggregate,Common_English
anal,anal,Common_English
anatomy,anatomy,Common_English
annie,annie,Common_English
announces,announces,Common_English
applicants,applicants,Common_English
automobile,automobile,Common_English
barnes,barnes,Common_English
breasts,breasts,Common_English
chess,chess,Common_English
citing,citing,Common_English
colonies,colonies,Common_English
composite,composite,Common_English
consequently,consequently,Common_English
consist,consist,Common_English
councils,councils,Common_English
cox,cox,Common_English
curtis,curtis,Common_English
decorated,decorated,Common_English
delegates,delegates,Common_English
dreaming,dreaming,Common_English
dull,dull,Common_English
enables,enables,Common_English
fare,fare,Common_English
fashioned,fashioned,Common_English
feared,feared,Common_English
float,float,Common_English
generator,generator,Common_English
grind,grind,Common_English
grinding,grinding,Common_English
guessing,guessing,Common_English
gum,gum,Common_English
hobby,hobby,Common_English
hunters,hunters,Common_English
idol,idol,Common_English
incorrect,incorrect,Common_English
jun,jun,Common_English
junction,junction,Common_English
lance,lance,Common_English
leap,leap,Common_English
locate,locate,Common_English
locks,locks,Common_English
lou,lou,Common_English
lynch,lynch,Common_English
manages,manages,Common_English
masses,masses,Common_English
medicare,medicare,Common_English
modeling,modeling,Common_English
motive,motive,Common_English
nazis,nazis,Common_English
neighbourhood,neighbourhood,Common_English
networking,networking,Common_English
newer,newer,Common_English
newton,newton,Common_English
oppose,oppose,Common_English
optimal,optimal,Common_English
overtime,overtime,Common_English
packs,packs,Common_English
permits,permits,Common_English
playstation,playstation,Common_English
pops,pops,Common_English
postal,postal,Common_English
predictions,predictions,Common_English
prep,prep,Common_English
profound,profound,Common_English
prosecutor,prosecutor,Common_English
rebellion,rebellion,Common_English
recipient,recipient,Common_English
refund,refund,Common_English
remembering,remembering,Common_English
rescued,rescued,Common_English
risky,risky,Common_English
robust,robust,Common_English
scam,scam,Common_English
sci,sci,Common_English
sep,sep,Common_English
shareholders,shareholders,Common_English
sided,sided,Common_English
simulation,simulation,Common_English
sober,sober,Common_English
spice,spice,Common_English
squeeze,squeeze,Common_English
storms,storms,Common_English
supervision,supervision,Common_English
suspects,suspects,Common_English
swap,swap,Common_English
swept,swept,Common_English
terrified,terrified,Common_English
themed,themed,Common_English
threaten,threaten,Common_English
thrilled,thrilled,Common_English
towel,towel,Common_English
trio,trio,Common_English
tubes,tubes,Common_English
unconscious,unconscious,Common_English
und,und,Common_English
varies,varies,Common_English
vegetable,vegetable,Common_English
verified,verified,Common_English
vibe,vibe,Common_English
virtue,virtue,Common_English
wishing,wishing,Common_English
workforce,workforce,Common_English
zombie,zombie,Common_English
acre,acre,Common_English
airports,airports,Common_English
alot,alot,Common_English
amen,amen,Common_English
andrews,andrews,Common_English
arise,arise,Common_English
ashes,ashes,Common_English
automotive,automotive,Common_English
battlefield,battlefield,Common_English
begging,begging,Common_English
berkeley,berkeley,Common_English
bloom,bloom,Common_English
bore,bore,Common_English
bundle,bundle,Common_English
buys,buys,Common_English
casualties,casualties,Common_English
catches,catches,Common_English
chad,chad,Common_English
committees,committees,Common_English
conjunction,conjunction,Common_English
costly,costly,Common_English
cows,cows,Common_English
cries,cries,Common_English
cuban,cuban,Common_English
cycles,cycles,Common_English
darker,darker,Common_English
davies,davies,Common_English
descent,descent,Common_English
desktop,desktop,Common_English
dial,dial,Common_English
directory,directory,Common_English
disabilities,disabilities,Common_English
discharge,discharge,Common_English
discusses,discusses,Common_English
dodge,dodge,Common_English
downs,downs,Common_English
drilling,drilling,Common_English
drums,drums,Common_English
elimination,elimination,Common_English
enjoys,enjoys,Common_English
es,es,Common_English
espn,espn,Common_English
ginger,ginger,Common_English
governors,governors,Common_English
guild,guild,Common_English
halt,halt,Common_English
han,han,Common_English
henderson,henderson,Common_English
ibm,ibm,Common_English
imaging,imaging,Common_English
implied,implied,Common_English
impress,impress,Common_English
inability,inability,Common_English
incoming,incoming,Common_English
isaac,isaac,Common_English
jar,jar,Common_English
kay,kay,Common_English
lb,lb,Common_English
leicester,leicester,Common_English
liam,liam,Common_English
litigation,litigation,Common_English
mentor,mentor,Common_English
merchandise,merchandise,Common_English
minerals,minerals,Common_English
miners,miners,Common_English
monk,monk,Common_English
neighborhoods,neighborhoods,Common_English
ni,ni,Common_English
noah,noah,Common_English
norm,norm,Common_English
obtaining,obtaining,Common_English
occupy,occupy,Common_English
offended,offended,Common_English
orthodox,orthodox,Common_English
overhead,overhead,Common_English
pac,pac,Common_English
painter,painter,Common_English
partys,partys,Common_English
perth,perth,Common_English
pierce,pierce,Common_English
pistol,pistol,Common_English
prone,prone,Common_English
raiders,raiders,Common_English
readily,readily,Common_English
reflecting,reflecting,Common_English
regiment,regiment,Common_English
remembers,remembers,Common_English
reunion,reunion,Common_English
revival,revival,Common_English
sanctuary,sanctuary,Common_English
satan,satan,Common_English
satisfying,satisfying,Common_English
seas,seas,Common_English
securing,securing,Common_English
sensors,sensors,Common_English
seoul,seoul,Common_English
shells,shells,Common_English
siege,siege,Common_English
sixty,sixty,Common_English
sleeve,sleeve,Common_English
sonic,sonic,Common_English
speeches,speeches,Common_English
spine,spine,Common_English
steering,steering,Common_English
substances,substances,Common_English
sullivan,sullivan,Common_English
sustain,sustain,Common_English
tenure,tenure,Common_English
texture,texture,Common_English
thankful,thankful,Common_English
translate,translate,Common_English
treasurer,treasurer,Common_English
triangle,triangle,Common_English
unclear,unclear,Common_English
upgraded,upgraded,Common_English
venezuela,venezuela,Common_English
venice,venice,Common_English
vladimir,vladimir,Common_English
wizard,wizard,Common_English
yankees,yankees,Common_English
absorbed,absorbed,Common_English
admin,admin,Common_English
altitude,altitude,Common_English
athens,athens,Common_English
attributes,attributes,Common_English
baked,baked,Common_English
baking,baking,Common_English
beautifully,beautifully,Common_English
betty,betty,Common_English
biblical,biblical,Common_English
bmw,bmw,Common_English
boo,boo,Common_English
cardiff,cardiff,Common_English
collapsed,collapsed,Common_English
coloured,coloured,Common_English
competent,competent,Common_English
countryside,countryside,Common_English
cracking,cracking,Common_English
debris,debris,Common_English
delegation,delegation,Common_English
demographic,demographic,Common_English
descriptions,descriptions,Common_English
donor,donor,Common_English
easiest,easiest,Common_English
educate,educate,Common_English
enabling,enabling,Common_English
enrolled,enrolled,Common_English
enrollment,enrollment,Common_English
essex,essex,Common_English
exceed,exceed,Common_English
excluding,excluding,Common_English
expressions,expressions,Common_English
fierce,fierce,Common_English
forgetting,forgetting,Common_English
gabriel,gabriel,Common_English
gaza,gaza,Common_English
heroin,heroin,Common_English
honda,honda,Common_English
hooked,hooked,Common_English
illustration,illustration,Common_English
impose,impose,Common_English
indicator,indicator,Common_English
inequality,inequality,Common_English
ins,ins,Common_English
interpreted,interpreted,Common_English
jamaica,jamaica,Common_English
joey,joey,Common_English
joshua,joshua,Common_English
journals,journals,Common_English
leisure,leisure,Common_English
lend,lend,Common_English
lengths,lengths,Common_English
leon,leon,Common_English
lounge,lounge,Common_English
luckily,luckily,Common_English
manuscript,manuscript,Common_English
marco,marco,Common_English
marines,marines,Common_English
mint,mint,Common_English
molecules,molecules,Common_English
montgomery,montgomery,Common_English
notification,notification,Common_English
nova,nova,Common_English
oakland,oakland,Common_English
outline,outline,Common_English
pi,pi,Common_English
polite,polite,Common_English
productions,productions,Common_English
professors,professors,Common_English
quicker,quicker,Common_English
randy,randy,Common_English
receipt,receipt,Common_English
recognise,recognise,Common_English
reliability,reliability,Common_English
researcher,researcher,Common_English
retailers,retailers,Common_English
reviewing,reviewing,Common_English
romans,romans,Common_English
runway,runway,Common_English
senses,senses,Common_English
seth,seth,Common_English
sharon,sharon,Common_English
showcase,showcase,Common_English
smoked,smoked,Common_English
su,su,Common_English
subsidiary,subsidiary,Common_English
tampa,tampa,Common_English
tenth,tenth,Common_English
theology,theology,Common_English
topped,topped,Common_English
trails,trails,Common_English
underwater,underwater,Common_English
uploaded,uploaded,Common_English
venues,venues,Common_English
wikipedia,wikipedia,Common_English
winston,winston,Common_English
yay,yay,Common_English
yu,yu,Common_English
accountability,accountability,Common_English
aerial,aerial,Common_English
albeit,albeit,Common_English
alcoholic,alcoholic,Common_English
amazed,amazed,Common_English
ammunition,ammunition,Common_English
anthem,anthem,Common_English
architects,architects,Common_English
automated,automated,Common_English
bake,bake,Common_English
batch,batch,Common_English
borrowed,borrowed,Common_English
carson,carson,Common_English
catalog,catalog,Common_English
catalogue,catalogue,Common_English
charitable,charitable,Common_English
christine,christine,Common_English
clicking,clicking,Common_English
collector,collector,Common_English
compliment,compliment,Common_English
consisted,consisted,Common_English
continually,continually,Common_English
coordinator,coordinator,Common_English
damaging,damaging,Common_English
danish,danish,Common_English
def,def,Common_English
deployment,deployment,Common_English
drafted,drafted,Common_English
enjoyable,enjoyable,Common_English
exotic,exotic,Common_English
exterior,exterior,Common_English
feminine,feminine,Common_English
firearms,firearms,Common_English
fountain,fountain,Common_English
fury,fury,Common_English
gb,gb,Common_English
genocide,genocide,Common_English
glance,glance,Common_English
glow,glow,Common_English
hay,hay,Common_English
headlines,headlines,Common_English
hebrew,hebrew,Common_English
hometown,hometown,Common_English
humanitarian,humanitarian,Common_English
hungary,hungary,Common_English
idaho,idaho,Common_English
immunity,immunity,Common_English
implementing,implementing,Common_English
inherited,inherited,Common_English
killers,killers,Common_English
labeled,labeled,Common_English
lebron,lebron,Common_English
liberation,liberation,Common_English
likelihood,likelihood,Common_English
lone,lone,Common_English
massacre,massacre,Common_English
meme,meme,Common_English
mitch,mitch,Common_English
mod,mod,Common_English
nationalist,nationalist,Common_English
nationals,nationals,Common_English
necessity,necessity,Common_English
nickname,nickname,Common_English
nixon,nixon,Common_English
observer,observer,Common_English
offshore,offshore,Common_English
optional,optional,Common_English
papa,papa,Common_English
parked,parked,Common_English
paste,paste,Common_English
pioneer,pioneer,Common_English
prescribed,prescribed,Common_English
pressures,pressures,Common_English
prosperity,prosperity,Common_English
recreational,recreational,Common_English
reds,reds,Common_English
refuge,refuge,Common_English
religions,religions,Common_English
renewable,renewable,Common_English
richardson,richardson,Common_English
ricky,ricky,Common_English
rode,rode,Common_English
ronald,ronald,Common_English
sack,sack,Common_English
settlements,settlements,Common_English
sheffield,sheffield,Common_English
shortage,shortage,Common_English
skies,skies,Common_English
smarter,smarter,Common_English
smiles,smiles,Common_English
sophie,sophie,Common_English
sphere,sphere,Common_English
sponsors,sponsors,Common_English
stamps,stamps,Common_English
stare,stare,Common_English
suburban,suburban,Common_English
sung,sung,Common_English
suppliers,suppliers,Common_English
tablets,tablets,Common_English
terribly,terribly,Common_English
territorial,territorial,Common_English
thirds,thirds,Common_English
thriller,thriller,Common_English
toss,toss,Common_English
transgender,transgender,Common_English
troubled,troubled,Common_English
ur,ur,Common_English
verbal,verbal,Common_English
violated,violated,Common_English
vocals,vocals,Common_English
yang,yang,Common_English
accountable,accountable,Common_English
advocacy,advocacy,Common_English
aftermath,aftermath,Common_English
aggression,aggression,Common_English
analyzed,analyzed,Common_English
angles,angles,Common_English
arguably,arguably,Common_English
armies,armies,Common_English
armstrong,armstrong,Common_English
assessed,assessed,Common_English
attractions,attractions,Common_English
beers,beers,Common_English
bells,bells,Common_English
blamed,blamed,Common_English
blunt,blunt,Common_English
boobs,boobs,Common_English
bosses,bosses,Common_English
brakes,brakes,Common_English
brigade,brigade,Common_English
bulgaria,bulgaria,Common_English
burial,burial,Common_English
canceled,canceled,Common_English
cardinal,cardinal,Common_English
champ,champ,Common_English
champagne,champagne,Common_English
cheated,cheated,Common_English
chinas,chinas,Common_English
chorus,chorus,Common_English
chrome,chrome,Common_English
clarity,clarity,Common_English
classics,classics,Common_English
cleaner,cleaner,Common_English
combining,combining,Common_English
conclude,conclude,Common_English
confidential,confidential,Common_English
coordination,coordination,Common_English
cracks,cracks,Common_English
cs,cs,Common_English
dancers,dancers,Common_English
delaware,delaware,Common_English
directing,directing,Common_English
discretion,discretion,Common_English
ditch,ditch,Common_English
dope,dope,Common_English
ducks,ducks,Common_English
dumped,dumped,Common_English
elevation,elevation,Common_English
entrepreneurs,entrepreneurs,Common_English
epa,epa,Common_English
esteem,esteem,Common_English
eva,eva,Common_English
explored,explored,Common_English
fe,fe,Common_English
finances,finances,Common_English
finishes,finishes,Common_English
framed,framed,Common_English
fucks,fucks,Common_English
gesture,gesture,Common_English
ghana,ghana,Common_English
gibson,gibson,Common_English
gif,gif,Common_English
gilbert,gilbert,Common_English
gosh,gosh,Common_English
griffin,griffin,Common_English
historian,historian,Common_English
horizontal,horizontal,Common_English
hospitality,hospitality,Common_English
hostage,hostage,Common_English
hottest,hottest,Common_English
individually,individually,Common_English
inevitably,inevitably,Common_English
jeffrey,jeffrey,Common_English
kenneth,kenneth,Common_English
lad,lad,Common_English
lakers,lakers,Common_English
lasts,lasts,Common_English
leagues,leagues,Common_English
leslie,leslie,Common_English
listings,listings,Common_English
literacy,literacy,Common_English
marriages,marriages,Common_English
mcdonalds,mcdonalds,Common_English
migrants,migrants,Common_English
mins,mins,Common_English
misleading,misleading,Common_English
moisture,moisture,Common_English
mortality,mortality,Common_English
ng,ng,Common_English
notices,notices,Common_English
obsession,obsession,Common_English
opt,opt,Common_English
peanut,peanut,Common_English
penn,penn,Common_English
persistent,persistent,Common_English
personalities,personalities,Common_English
petroleum,petroleum,Common_English
pharmaceutical,pharmaceutical,Common_English
progression,progression,Common_English
quinn,quinn,Common_English
ra,ra,Common_English
rack,rack,Common_English
rebuild,rebuild,Common_English
recordings,recordings,Common_English
rejection,rejection,Common_English
relaxing,relaxing,Common_English
reservoir,reservoir,Common_English
respects,respects,Common_English
riley,riley,Common_English
scrap,scrap,Common_English
sebastian,sebastian,Common_English
sensation,sensation,Common_English
shaft,shaft,Common_English
shepherd,shepherd,Common_English
shuttle,shuttle,Common_English
slope,slope,Common_English
snack,snack,Common_English
sounding,sounding,Common_English
specialists,specialists,Common_English
stabbed,stabbed,Common_English
stern,stern,Common_English
stiff,stiff,Common_English
striker,striker,Common_English
sudan,sudan,Common_English
sued,sued,Common_English
sums,sums,Common_English
sworn,sworn,Common_English
tel,tel,Common_English
terrific,terrific,Common_English
titans,titans,Common_English
tomatoes,tomatoes,Common_English
tory,tory,Common_English
trafficking,trafficking,Common_English
transparency,transparency,Common_English
trinity,trinity,Common_English
unemployed,unemployed,Common_English
unite,unite,Common_English
unlock,unlock,Common_English
vault,vault,Common_English
vet,vet,Common_English
vince,vince,Common_English
walt,walt,Common_English
withdrawn,withdrawn,Common_English
accessed,accessed,Common_English
adverse,adverse,Common_English
aiming,aiming,Common_English
allah,allah,Common_English
alumni,alumni,Common_English
ana,ana,Common_English
awhile,awhile,Common_English
aye,aye,Common_English
bastard,bastard,Common_English
behaviors,behaviors,Common_English
bikes,bikes,Common_English
biography,biography,Common_English
br,br,Common_English
broker,broker,Common_English
bury,bury,Common_English
cellular,cellular,Common_English
cocktail,cocktail,Common_English
cod,cod,Common_English
conditioning,conditioning,Common_English
consuming,consuming,Common_English
contracted,contracted,Common_English
costumes,costumes,Common_English
counseling,counseling,Common_English
crews,crews,Common_English
cubs,cubs,Common_English
cuz,cuz,Common_English
dangers,dangers,Common_English
designing,designing,Common_English
destructive,destructive,Common_English
develops,develops,Common_English
dislike,dislike,Common_English
doubled,doubled,Common_English
doubles,doubles,Common_English
economies,economies,Common_English
embedded,embedded,Common_English
emerge,emerge,Common_English
excluded,excluded,Common_English
expects,expects,Common_English
farewell,farewell,Common_English
feeds,feeds,Common_English
fist,fist,Common_English
fond,fond,Common_English
foolish,foolish,Common_English
fry,fry,Common_English
garcia,garcia,Common_English
gifted,gifted,Common_English
hacking,hacking,Common_English
hawks,hawks,Common_English
heir,heir,Common_English
highlighted,highlighted,Common_English
holocaust,holocaust,Common_English
homer,homer,Common_English
hon,hon,Common_English
hopkins,hopkins,Common_English
imprisonment,imprisonment,Common_English
indonesian,indonesian,Common_English
irs,irs,Common_English
jenny,jenny,Common_English
ji,ji,Common_English
lacks,lacks,Common_English
landlord,landlord,Common_English
landmark,landmark,Common_English
lanka,lanka,Common_English
launches,launches,Common_English
leaning,leaning,Common_English
liable,liable,Common_English
lifes,lifes,Common_English
memphis,memphis,Common_English
midst,midst,Common_English
misery,misery,Common_English
module,module,Common_English
mommy,mommy,Common_English
monroe,monroe,Common_English
mosque,mosque,Common_English
museums,museums,Common_English
mvp,mvp,Common_English
nursery,nursery,Common_English
obamacare,obamacare,Common_English
perspectives,perspectives,Common_English
peru,peru,Common_English
phrases,phrases,Common_English
plague,plague,Common_English
plains,plains,Common_English
positively,positively,Common_English
powell,powell,Common_English
prevents,prevents,Common_English
profiles,profiles,Common_English
pursued,pursued,Common_English
raids,raids,Common_English
recruit,recruit,Common_English
resting,resting,Common_English
rex,rex,Common_English
rogue,rogue,Common_English
roosevelt,roosevelt,Common_English
salaries,salaries,Common_English
sd,sd,Common_English
seated,seated,Common_English
sharply,sharply,Common_English
showers,showers,Common_English
sincerely,sincerely,Common_English
sings,sings,Common_English
solidarity,solidarity,Common_English
specialty,specialty,Common_English
supernatural,supernatural,Common_English
surprises,surprises,Common_English
td,td,Common_English
tens,tens,Common_English
thirteen,thirteen,Common_English
tomb,tomb,Common_English
touring,touring,Common_English
traces,traces,Common_English
trademark,trademark,Common_English
trim,trim,Common_English
utilities,utilities,Common_English
voyage,voyage,Common_English
weaker,weaker,Common_English
willie,willie,Common_English
yields,yields,Common_English
abbey,abbey,Common_English
accepts,accepts,Common_English
adjustment,adjustment,Common_English
andrea,andrea,Common_English
assignments,assignments,Common_English
attachment,attachment,Common_English
baron,baron,Common_English
beatles,beatles,Common_English
belfast,belfast,Common_English
blah,blah,Common_English
blaming,blaming,Common_English
bomber,bomber,Common_English
bt,bt,Common_English
bunny,bunny,Common_English
carved,carved,Common_English
choir,choir,Common_English
clutch,clutch,Common_English
coconut,coconut,Common_English
committing,committing,Common_English
comprising,comprising,Common_English
confession,confession,Common_English
consume,consume,Common_English
credibility,credibility,Common_English
credited,credited,Common_English
critically,critically,Common_English
dem,dem,Common_English
distracted,distracted,Common_English
dm,dm,Common_English
dolphins,dolphins,Common_English
estates,estates,Common_English
ferguson,ferguson,Common_English
ferrari,ferrari,Common_English
filters,filters,Common_English
fools,fools,Common_English
fourteen,fourteen,Common_English
fu,fu,Common_English
geometry,geometry,Common_English
gf,gf,Common_English
ghosts,ghosts,Common_English
gossip,gossip,Common_English
gp,gp,Common_English
grandparents,grandparents,Common_English
haul,haul,Common_English
header,header,Common_English
highways,highways,Common_English
holly,holly,Common_English
immense,immense,Common_English
imports,imports,Common_English
incentives,incentives,Common_English
interfere,interfere,Common_English
intersection,intersection,Common_English
investigators,investigators,Common_English
juvenile,juvenile,Common_English
karma,karma,Common_English
ki,ki,Common_English
knocking,knocking,Common_English
kurt,kurt,Common_English
leaks,leaks,Common_English
leverage,leverage,Common_English
lil,lil,Common_English
lining,lining,Common_English
luther,luther,Common_English
manila,manila,Common_English
mankind,mankind,Common_English
mapping,mapping,Common_English
masks,masks,Common_English
med,med,Common_English
metric,metric,Common_English
militia,militia,Common_English
naming,naming,Common_English
ncaa,ncaa,Common_English
nike,nike,Common_English
node,node,Common_English
obstacles,obstacles,Common_English
opener,opener,Common_English
overwhelmed,overwhelmed,Common_English
performers,performers,Common_English
pg,pg,Common_English
pl,pl,Common_English
pointless,pointless,Common_English
poles,poles,Common_English
preferences,preferences,Common_English
prompted,prompted,Common_English
proximity,proximity,Common_English
qualification,qualification,Common_English
qualifications,qualifications,Common_English
ranger,ranger,Common_English
rendered,rendered,Common_English
rented,rented,Common_English
reversed,reversed,Common_English
robbed,robbed,Common_English
scenarios,scenarios,Common_English
selective,selective,Common_English
seniors,seniors,Common_English
sf,sf,Common_English
shiny,shiny,Common_English
socialism,socialism,Common_English
sour,sour,Common_English
stressful,stressful,Common_English
stretched,stretched,Common_English
sucking,sucking,Common_English
teddy,teddy,Common_English
tenants,tenants,Common_English
thief,thief,Common_English
transported,transported,Common_English
tribunal,tribunal,Common_English
undoubtedly,undoubtedly,Common_English
uniforms,uniforms,Common_English
verify,verify,Common_English
villain,villain,Common_English
whistle,whistle,Common_English
wifes,wifes,Common_English
workshops,workshops,Common_English
yale,yale,Common_English
yearly,yearly,Common_English
yemen,yemen,Common_English
abusive,abusive,Common_English
alley,alley,Common_English
announcing,announcing,Common_English
appetite,appetite,Common_English
backyard,backyard,Common_English
beth,beth,Common_English
beverly,beverly,Common_English
bids,bids,Common_English
billboard,billboard,Common_English
blades,blades,Common_English
boris,boris,Common_English
bully,bully,Common_English
burke,burke,Common_English
cables,cables,Common_English
calculate,calculate,Common_English
calculations,calculations,Common_English
chicks,chicks,Common_English
conceived,conceived,Common_English
consult,consult,Common_English
crashes,crashes,Common_English
crowds,crowds,Common_English
cunt,cunt,Common_English
damned,damned,Common_English
dissolved,dissolved,Common_English
distinguish,distinguish,Common_English
dominate,dominate,Common_English
dynasty,dynasty,Common_English
economist,economist,Common_English
endorsed,endorsed,Common_English
europeans,europeans,Common_English
examining,examining,Common_English
extensively,extensively,Common_English
fda,fda,Common_English
festivals,festivals,Common_English
forehead,forehead,Common_English
foreigners,foreigners,Common_English
forgiveness,forgiveness,Common_English
gem,gem,Common_English
glen,glen,Common_English
graves,graves,Common_English
gregory,gregory,Common_English
haunted,haunted,Common_English
hayes,hayes,Common_English
heather,heather,Common_English
illegally,illegally,Common_English
illustrations,illustrations,Common_English
inclined,inclined,Common_English
informal,informal,Common_English
jew,jew,Common_English
learnt,learnt,Common_English
lending,lending,Common_English
marker,marker,Common_English
marshal,marshal,Common_English
maturity,maturity,Common_English
maya,maya,Common_English
messy,messy,Common_English
mia,mia,Common_English
minneapolis,minneapolis,Common_English
molly,molly,Common_English
morrison,morrison,Common_English
mtv,mtv,Common_English
muhammad,muhammad,Common_English
neighboring,neighboring,Common_English
neighbours,neighbours,Common_English
ninja,ninja,Common_English
optimistic,optimistic,Common_English
outlined,outlined,Common_English
parenting,parenting,Common_English
peaks,peaks,Common_English
pharmacy,pharmacy,Common_English
pools,pools,Common_English
preparations,preparations,Common_English
problematic,problematic,Common_English
proceeded,proceeded,Common_English
promotional,promotional,Common_English
pros,pros,Common_English
prospective,prospective,Common_English
psychiatric,psychiatric,Common_English
regulate,regulate,Common_English
renaissance,renaissance,Common_English
repeal,repeal,Common_English
reuters,reuters,Common_English
riots,riots,Common_English
roast,roast,Common_English
robertson,robertson,Common_English
rubbish,rubbish,Common_English
saga,saga,Common_English
salon,salon,Common_English
seventeen,seventeen,Common_English
shields,shields,Common_English
sliding,sliding,Common_English
sodium,sodium,Common_English
surplus,surplus,Common_English
swallow,swallow,Common_English
systematic,systematic,Common_English
theaters,theaters,Common_English
transmitted,transmitted,Common_English
tuned,tuned,Common_English
unacceptable,unacceptable,Common_English
unaware,unaware,Common_English
uncommon,uncommon,Common_English
underway,underway,Common_English
unified,unified,Common_English
unstable,unstable,Common_English
upstairs,upstairs,Common_English
vague,vague,Common_English
wee,wee,Common_English
woo,woo,Common_English
xd,xd,Common_English
zip,zip,Common_English
abs,abs,Common_English
abundance,abundance,Common_English
advancing,advancing,Common_English
ahh,ahh,Common_English
alberta,alberta,Common_English
antique,antique,Common_English
autonomy,autonomy,Common_English
baptist,baptist,Common_English
behavioral,behavioral,Common_English
biden,biden,Common_English
booking,booking,Common_English
brett,brett,Common_English
browns,browns,Common_English
canadians,canadians,Common_English
commodity,commodity,Common_English
congressman,congressman,Common_English
containers,containers,Common_English
cooperative,cooperative,Common_English
correlation,correlation,Common_English
correspondent,correspondent,Common_English
coupon,coupon,Common_English
covid,covid,Common_English
crosses,crosses,Common_English
curves,curves,Common_English
defines,defines,Common_English
delivers,delivers,Common_English
demonstrates,demonstrates,Common_English
dodgers,dodgers,Common_English
dough,dough,Common_English
dug,dug,Common_English
endangered,endangered,Common_English
exhibited,exhibited,Common_English
fade,fade,Common_English
fatigue,fatigue,Common_English
fellowship,fellowship,Common_English
fictional,fictional,Common_English
fragile,fragile,Common_English
fringe,fringe,Common_English
fulfill,fulfill,Common_English
gaps,gaps,Common_English
greens,greens,Common_English
handbook,handbook,Common_English
hardy,hardy,Common_English
honors,honors,Common_English
indias,indias,Common_English
insights,insights,Common_English
instinct,instinct,Common_English
inviting,inviting,Common_English
irony,irony,Common_English
ivan,ivan,Common_English
joyce,joyce,Common_English
judgement,judgement,Common_English
judiciary,judiciary,Common_English
jumps,jumps,Common_English
lads,lads,Common_English
legion,legion,Common_English
lethal,lethal,Common_English
lime,lime,Common_English
lively,lively,Common_English
logistics,logistics,Common_English
lowered,lowered,Common_English
lynn,lynn,Common_English
maid,maid,Common_English
manning,manning,Common_English
manuel,manuel,Common_English
mickey,mickey,Common_English
midfielder,midfielder,Common_English
mindset,mindset,Common_English
mistress,mistress,Common_English
moms,moms,Common_English
mon,mon,Common_English
monkeys,monkeys,Common_English
mortal,mortal,Common_English
mounting,mounting,Common_English
nonprofit,nonprofit,Common_English
nsa,nsa,Common_English
oils,oils,Common_English
operative,operative,Common_English
outs,outs,Common_English
owed,owed,Common_English
panama,panama,Common_English
patches,patches,Common_English
pickup,pickup,Common_English
portraits,portraits,Common_English
pouring,pouring,Common_English
prestigious,prestigious,Common_English
prompt,prompt,Common_English
quantities,quantities,Common_English
radius,radius,Common_English
rig,rig,Common_English
risen,risen,Common_English
rows,rows,Common_English
sacramento,sacramento,Common_English
scroll,scroll,Common_English
searches,searches,Common_English
sh,sh,Common_English
smiled,smiled,Common_English
snacks,snacks,Common_English
snakes,snakes,Common_English
sovereignty,sovereignty,Common_English
strips,strips,Common_English
stunt,stunt,Common_English
subjected,subjected,Common_English
sucked,sucked,Common_English
sunlight,sunlight,Common_English
surf,surf,Common_English
symbolic,symbolic,Common_English
sync,sync,Common_English
taxpayer,taxpayer,Common_English
tempted,tempted,Common_English
thrust,thrust,Common_English
trevor,trevor,Common_English
trilogy,trilogy,Common_English
url,url,Common_English
weights,weights,Common_English
wheelchair,wheelchair,Common_English
whore,whore,Common_English
wiped,wiped,Common_English
yahoo,yahoo,Common_English
yourselves,yourselves,Common_English
accompanying,accompanying,Common_English
accusations,accusations,Common_English
acids,acids,Common_English
administrators,administrators,Common_English
aired,aired,Common_English
allowance,allowance,Common_English
andre,andre,Common_English
apologies,apologies,Common_English
arbitrary,arbitrary,Common_English
atm,atm,Common_English
autonomous,autonomous,Common_English
averaged,averaged,Common_English
bait,bait,Common_English
bark,bark,Common_English
bets,bets,Common_English
blogger,blogger,Common_English
bra,bra,Common_English
brighton,brighton,Common_English
brotherhood,brotherhood,Common_English
buddhist,buddhist,Common_English
builder,builder,Common_English
cakes,cakes,Common_English
celebrations,celebrations,Common_English
censorship,censorship,Common_English
cf,cf,Common_English
cl,cl,Common_English
clarify,clarify,Common_English
climbed,climbed,Common_English
comp,comp,Common_English
compilation,compilation,Common_English
composer,composer,Common_English
comprises,comprises,Common_English
constitute,constitute,Common_English
correspondence,correspondence,Common_English
cowboy,cowboy,Common_English
defendants,defendants,Common_English
desirable,desirable,Common_English
devastating,devastating,Common_English
diagram,diagram,Common_English
dismiss,dismiss,Common_English
editions,editions,Common_English
erected,erected,Common_English
explorer,explorer,Common_English
farther,farther,Common_English
favorable,favorable,Common_English
feminism,feminism,Common_English
flaws,flaws,Common_English
forums,forums,Common_English
freed,freed,Common_English
galleries,galleries,Common_English
gasoline,gasoline,Common_English
genesis,genesis,Common_English
geographical,geographical,Common_English
governed,governed,Common_English
governmental,governmental,Common_English
grandson,grandson,Common_English
halls,halls,Common_English
handles,handles,Common_English
heavier,heavier,Common_English
herbert,herbert,Common_English
hints,hints,Common_English
husbands,husbands,Common_English
incomplete,incomplete,Common_English
incorporate,incorporate,Common_English
interrupted,interrupted,Common_English
ivory,ivory,Common_English
kerry,kerry,Common_English
kirk,kirk,Common_English
lang,lang,Common_English
lengthy,lengthy,Common_English
levy,levy,Common_English
lp,lp,Common_English
manipulation,manipulation,Common_English
merchants,merchants,Common_English
misses,misses,Common_English
mlb,mlb,Common_English
mock,mock,Common_English
niche,niche,Common_English
nina,nina,Common_English
obrien,obrien,Common_English
obscure,obscure,Common_English
ot,ot,Common_English
para,para,Common_English
peterson,peterson,Common_English
popped,popped,Common_English
porch,porch,Common_English
portrayed,portrayed,Common_English
possessed,possessed,Common_English
princeton,princeton,Common_English
proposition,proposition,Common_English
railways,railways,Common_English
readings,readings,Common_English
recession,recession,Common_English
richards,richards,Common_English
rim,rim,Common_English
seals,seals,Common_English
secondly,secondly,Common_English
sequences,sequences,Common_English
settling,settling,Common_English
sherman,sherman,Common_English
spinal,spinal,Common_English
spiral,spiral,Common_English
spit,spit,Common_English
splash,splash,Common_English
successive,successive,Common_English
superhero,superhero,Common_English
taxpayers,taxpayers,Common_English
therapeutic,therapeutic,Common_English
threads,threads,Common_English
ti,ti,Common_English
timely,timely,Common_English
tub,tub,Common_English
ufc,ufc,Common_English
undergraduate,undergraduate,Common_English
undertaken,undertaken,Common_English
uranium,uranium,Common_English
utter,utter,Common_English
vietnamese,vietnamese,Common_English
walsh,walsh,Common_English
wires,wires,Common_English
yell,yell,Common_English
advertisement,advertisement,Common_English
analysts,analysts,Common_English
analyze,analyze,Common_English
atmospheric,atmospheric,Common_English
bangkok,bangkok,Common_English
batting,batting,Common_English
bb,bb,Common_English
bitches,bitches,Common_English
bracket,bracket,Common_English
branded,branded,Common_English
bryant,bryant,Common_English
cairo,cairo,Common_English
cardiac,cardiac,Common_English
catholics,catholics,Common_English
commanding,commanding,Common_English
confirms,confirms,Common_English
confronted,confronted,Common_English
crashing,crashing,Common_English
crawford,crawford,Common_English
creep,creep,Common_English
daylight,daylight,Common_English
dee,dee,Common_English
dems,dems,Common_English
devon,devon,Common_English
disclose,disclose,Common_English
doe,doe,Common_English
donna,donna,Common_English
elbow,elbow,Common_English
encourages,encourages,Common_English
enthusiastic,enthusiastic,Common_English
establishments,establishments,Common_English
exile,exile,Common_English
exploitation,exploitation,Common_English
felix,felix,Common_English
futures,futures,Common_English
gel,gel,Common_English
goose,goose,Common_English
grill,grill,Common_English
grounded,grounded,Common_English
hating,hating,Common_English
heel,heel,Common_English
heroic,heroic,Common_English
hut,hut,Common_English
inmates,inmates,Common_English
instructed,instructed,Common_English
ira,ira,Common_English
jenkins,jenkins,Common_English
johns,johns,Common_English
knives,knives,Common_English
louisville,louisville,Common_English
malaysian,malaysian,Common_English
margins,margins,Common_English
marina,marina,Common_English
mat,mat,Common_English
melissa,melissa,Common_English
milton,milton,Common_English
miranda,miranda,Common_English
ml,ml,Common_English
monopoly,monopoly,Common_English
nash,nash,Common_English
nationally,nationally,Common_English
nobel,nobel,Common_English
norfolk,norfolk,Common_English
outrage,outrage,Common_English
owning,owning,Common_English
pains,pains,Common_English
paperwork,paperwork,Common_English
pdf,pdf,Common_English
pitched,pitched,Common_English
poets,poets,Common_English
poisoning,poisoning,Common_English
promptly,promptly,Common_English
que,que,Common_English
rains,rains,Common_English
recovering,recovering,Common_English
renewal,renewal,Common_English
repeating,repeating,Common_English
rifles,rifles,Common_English
robbie,robbie,Common_English
screams,screams,Common_English
sellers,sellers,Common_English
sights,sights,Common_English
sincere,sincere,Common_English
slaughter,slaughter,Common_English
smashed,smashed,Common_English
sox,sox,Common_English
sperm,sperm,Common_English
spill,spill,Common_English
steadily,steadily,Common_English
stripped,stripped,Common_English
supplier,supplier,Common_English
switches,switches,Common_English
synthesis,synthesis,Common_English
tasty,tasty,Common_English
tattoos,tattoos,Common_English
teammate,teammate,Common_English
testify,testify,Common_English
tolerate,tolerate,Common_English
tournaments,tournaments,Common_English
travelers,travelers,Common_English
treason,treason,Common_English
trustees,trustees,Common_English
typing,typing,Common_English
urine,urine,Common_English
vanilla,vanilla,Common_English
vermont,vermont,Common_English
vic,vic,Common_English
vii,vii,Common_English
violet,violet,Common_English
weighing,weighing,Common_English
wendy,wendy,Common_English
activation,activation,Common_English
afghan,afghan,Common_English
afterward,afterward,Common_English
agreeing,agreeing,Common_English
ahmed,ahmed,Common_English
allocated,allocated,Common_English
appealed,appealed,Common_English
bald,bald,Common_English
barrels,barrels,Common_English
boil,boil,Common_English
borough,borough,Common_English
boyd,boyd,Common_English
bp,bp,Common_English
breakthrough,breakthrough,Common_English
calif,calif,Common_English
ce,ce,Common_English
charities,charities,Common_English
cheering,cheering,Common_English
chooses,chooses,Common_English
churchill,churchill,Common_English
combinations,combinations,Common_English
commenting,commenting,Common_English
competitions,competitions,Common_English
cone,cone,Common_English
connects,connects,Common_English
convey,convey,Common_English
critique,critique,Common_English
crushing,crushing,Common_English
curved,curved,Common_English
cyrus,cyrus,Common_English
decay,decay,Common_English
declining,declining,Common_English
depressing,depressing,Common_English
dessert,dessert,Common_English
destinations,destinations,Common_English
diagnostic,diagnostic,Common_English
diane,diane,Common_English
differential,differential,Common_English
discourse,discourse,Common_English
distances,distances,Common_English
dominance,dominance,Common_English
donors,donors,Common_English
downloaded,downloaded,Common_English
earths,earths,Common_English
economically,economically,Common_English
entertain,entertain,Common_English
evaluated,evaluated,Common_English
exploit,exploit,Common_English
fireworks,fireworks,Common_English
flown,flown,Common_English
floyd,floyd,Common_English
founders,founders,Common_English
freeman,freeman,Common_English
gandhi,gandhi,Common_English
ge,ge,Common_English
guarantees,guarantees,Common_English
humour,humour,Common_English
imagery,imagery,Common_English
imply,imply,Common_English
indicators,indicators,Common_English
inherent,inherent,Common_English
inland,inland,Common_English
inning,inning,Common_English
innocence,innocence,Common_English
investigator,investigator,Common_English
isle,isle,Common_English
justification,justification,Common_English
ka,ka,Common_English
katherine,katherine,Common_English
lego,lego,Common_English
licenses,licenses,Common_English
livestock,livestock,Common_English
liz,liz,Common_English
llc,llc,Common_English
mafia,mafia,Common_English
manners,manners,Common_English
merry,merry,Common_English
mick,mick,Common_English
missionary,missionary,Common_English
nationalism,nationalism,Common_English
naughty,naughty,Common_English
nepal,nepal,Common_English
newman,newman,Common_English
notified,notified,Common_English
notorious,notorious,Common_English
obey,obey,Common_English
olivia,olivia,Common_English
organizational,organizational,Common_English
outfits,outfits,Common_English
outright,outright,Common_English
overly,overly,Common_English
oversight,oversight,Common_English
panthers,panthers,Common_English
persian,persian,Common_English
phases,phases,Common_English
photographers,photographers,Common_English
polling,polling,Common_English
popping,popping,Common_English
prisons,prisons,Common_English
prototype,prototype,Common_English
pumpkin,pumpkin,Common_English
pumps,pumps,Common_English
punched,punched,Common_English
ramp,ramp,Common_English
rand,rand,Common_English
reactor,reactor,Common_English
refined,refined,Common_English
refreshing,refreshing,Common_English
refusal,refusal,Common_English
reinforced,reinforced,Common_English
remedies,remedies,Common_English
reset,reset,Common_English
sage,sage,Common_English
shave,shave,Common_English
sickness,sickness,Common_English
simpler,simpler,Common_English
sinking,sinking,Common_English
slots,slots,Common_English
sorted,sorted,Common_English
sq,sq,Common_English
staged,staged,Common_English
startup,startup,Common_English
statute,statute,Common_English
stems,stems,Common_English
straightforward,straightforward,Common_English
strengths,strengths,Common_English
suffers,suffers,Common_English
superstar,superstar,Common_English
telecommunications,telecommunications,Common_English
thieves,thieves,Common_English
thoughtful,thoughtful,Common_English
thru,thru,Common_English
tissues,tissues,Common_English
toddler,toddler,Common_English
utilized,utilized,Common_English
vicious,vicious,Common_English
victories,victories,Common_English
vikings,vikings,Common_English
vodka,vodka,Common_English
vr,vr,Common_English
wholly,wholly,Common_English
zoom,zoom,Common_English
accidental,accidental,Common_English
accounted,accounted,Common_English
addicted,addicted,Common_English
adjustments,adjustments,Common_English
apollo,apollo,Common_English
archbishop,archbishop,Common_English
assassination,assassination,Common_English
athletics,athletics,Common_English
basics,basics,Common_English
bats,bats,Common_English
belgian,belgian,Common_English
bibliography,bibliography,Common_English
bot,bot,Common_English
broadly,broadly,Common_English
calcium,calcium,Common_English
calvin,calvin,Common_English
candles,candles,Common_English
capita,capita,Common_English
certainty,certainty,Common_English
cheeks,cheeks,Common_English
chickens,chickens,Common_English
christina,christina,Common_English
citation,citation,Common_English
clues,clues,Common_English
collectively,collectively,Common_English
commercials,commercials,Common_English
commissions,commissions,Common_English
compression,compression,Common_English
comprised,comprised,Common_English
confess,confess,Common_English
confined,confined,Common_English
congregation,congregation,Common_English
consolidated,consolidated,Common_English
coordinate,coordinate,Common_English
coordinates,coordinates,Common_English
cube,cube,Common_English
dana,dana,Common_English
declaring,declaring,Common_English
decoration,decoration,Common_English
decree,decree,Common_English
definitions,definitions,Common_English
deliberate,deliberate,Common_English
discovering,discovering,Common_English
dividend,dividend,Common_English
dragging,dragging,Common_English
drift,drift,Common_English
dye,dye,Common_English
eden,eden,Common_English
educators,educators,Common_English
electron,electron,Common_English
endure,endure,Common_English
evolutionary,evolutionary,Common_English
exhibits,exhibits,Common_English
extensions,extensions,Common_English
fellows,fellows,Common_English
fragments,fragments,Common_English
fraser,fraser,Common_English
fuels,fuels,Common_English
geological,geological,Common_English
globally,globally,Common_English
grams,grams,Common_English
guru,guru,Common_English
hacked,hacked,Common_English
hans,hans,Common_English
hatch,hatch,Common_English
hindi,hindi,Common_English
historians,historians,Common_English
hm,hm,Common_English
inadequate,inadequate,Common_English
indianapolis,indianapolis,Common_English
intentionally,intentionally,Common_English
joints,joints,Common_English
kilometers,kilometers,Common_English
labs,labs,Common_English
lace,lace,Common_English
libya,libya,Common_English
losers,losers,Common_English
louder,louder,Common_English
maiden,maiden,Common_English
marching,marching,Common_English
marketplace,marketplace,Common_English
membrane,membrane,Common_English
messing,messing,Common_English
metallic,metallic,Common_English
methodology,methodology,Common_English
modifications,modifications,Common_English
monitors,monitors,Common_English
murderer,murderer,Common_English
nap,nap,Common_English
nickel,nickel,Common_English
niece,niece,Common_English
nm,nm,Common_English
nominations,nominations,Common_English
numbered,numbered,Common_English
offerings,offerings,Common_English
overlooked,overlooked,Common_English
pardon,pardon,Common_English
partnerships,partnerships,Common_English
persuade,persuade,Common_English
pier,pier,Common_English
poured,poured,Common_English
practiced,practiced,Common_English
predecessor,predecessor,Common_English
premise,premise,Common_English
quiz,quiz,Common_English
rainfall,rainfall,Common_English
recipients,recipients,Common_English
reckless,reckless,Common_English
redemption,redemption,Common_English
relates,relates,Common_English
relied,relied,Common_English
remedy,remedy,Common_English
replay,replay,Common_English
revision,revision,Common_English
rooted,rooted,Common_English
scent,scent,Common_English
slate,slate,Common_English
spells,spells,Common_English
stimulus,stimulus,Common_English
strengthening,strengthening,Common_English
structured,structured,Common_English
sunrise,sunrise,Common_English
surge,surge,Common_English
tagged,tagged,Common_English
tags,tags,Common_English
tapes,tapes,Common_English
tee,tee,Common_English
testified,testified,Common_English
timothy,timothy,Common_English
token,token,Common_English
tracy,tracy,Common_English
tunes,tunes,Common_English
tunnels,tunnels,Common_English
twilight,twilight,Common_English
unprecedented,unprecedented,Common_English
vagina,vagina,Common_English
verses,verses,Common_English
vocabulary,vocabulary,Common_English
wellington,wellington,Common_English
whoa,whoa,Common_English
willingness,willingness,Common_English
woody,woody,Common_English
worthless,worthless,Common_English
aberdeen,aberdeen,Common_English
absorb,absorb,Common_English
accompany,accompany,Common_English
accord,accord,Common_English
advancement,advancement,Common_English
albany,albany,Common_English
algorithms,algorithms,Common_English
alt,alt,Common_English
alternatively,alternatively,Common_English
anglo,anglo,Common_English
archer,archer,Common_English
asap,asap,Common_English
assurance,assurance,Common_English
barber,barber,Common_English
bash,bash,Common_English
battalion,battalion,Common_English
bidding,bidding,Common_English
boycott,boycott,Common_English
bricks,bricks,Common_English
bruno,bruno,Common_English
buddies,buddies,Common_English
bulgarian,bulgarian,Common_English
ceased,ceased,Common_English
chester,chester,Common_English
coding,coding,Common_English
competitor,competitor,Common_English
creators,creators,Common_English
cuisine,cuisine,Common_English
detained,detained,Common_English
dioxide,dioxide,Common_English
dolls,dolls,Common_English
doom,doom,Common_English
dubbed,dubbed,Common_English
ea,ea,Common_English
eighteen,eighteen,Common_English
eleanor,eleanor,Common_English
elephants,elephants,Common_English
enjoyment,enjoyment,Common_English
exhaust,exhaust,Common_English
expired,expired,Common_English
flee,flee,Common_English
forbes,forbes,Common_English
forwards,forwards,Common_English
fries,fries,Common_English
fundraising,fundraising,Common_English
gal,gal,Common_English
glimpse,glimpse,Common_English
hahaha,hahaha,Common_English
hawk,hawk,Common_English
healthier,healthier,Common_English
homemade,homemade,Common_English
honorable,honorable,Common_English
infectious,infectious,Common_English
inferior,inferior,Common_English
injustice,injustice,Common_English
inquiries,inquiries,Common_English
insulin,insulin,Common_English
interpret,interpret,Common_English
intro,intro,Common_English
jackets,jackets,Common_English
jill,jill,Common_English
kindle,kindle,Common_English
lid,lid,Common_English
lindsay,lindsay,Common_English
logs,logs,Common_English
manor,manor,Common_English
masterpiece,masterpiece,Common_English
melody,melody,Common_English
memo,memo,Common_English
mic,mic,Common_English
mirrors,mirrors,Common_English
myanmar,myanmar,Common_English
narrator,narrator,Common_English
nate,nate,Common_English
nets,nets,Common_English
nsw,nsw,Common_English
obesity,obesity,Common_English
partisan,partisan,Common_English
planting,planting,Common_English
pony,pony,Common_English
posed,posed,Common_English
possessions,possessions,Common_English
privileged,privileged,Common_English
prolonged,prolonged,Common_English
promo,promo,Common_English
protestant,protestant,Common_English
pumping,pumping,Common_English
pupil,pupil,Common_English
qb,qb,Common_English
recruited,recruited,Common_English
reliance,reliance,Common_English
relies,relies,Common_English
reluctant,reluctant,Common_English
relying,relying,Common_English
respiratory,respiratory,Common_English
retention,retention,Common_English
rewarded,rewarded,Common_English
ribbon,ribbon,Common_English
rochester,rochester,Common_English
rodgers,rodgers,Common_English
roommate,roommate,Common_English
rotten,rotten,Common_English
sands,sands,Common_English
schedules,schedules,Common_English
selecting,selecting,Common_English
shah,shah,Common_English
shawn,shawn,Common_English
shotgun,shotgun,Common_English
singers,singers,Common_English
snapped,snapped,Common_English
solomon,solomon,Common_English
southampton,southampton,Common_English
spoil,spoil,Common_English
spoiled,spoiled,Common_English
stephanie,stephanie,Common_English
surgeons,surgeons,Common_English
sympathetic,sympathetic,Common_English
taxation,taxation,Common_English
temper,temper,Common_English
undergo,undergo,Common_English
weighed,weighed,Common_English
wu,wu,Common_English
acquiring,acquiring,Common_English
additions,additions,Common_English
admitting,admitting,Common_English
afl,afl,Common_English
aligned,aligned,Common_English
allan,allan,Common_English
altar,altar,Common_English
amp,amp,Common_English
arrows,arrows,Common_English
austrian,austrian,Common_English
automation,automation,Common_English
balancing,balancing,Common_English
banning,banning,Common_English
bishops,bishops,Common_English
boeing,boeing,Common_English
broncos,broncos,Common_English
builders,builders,Common_English
burton,burton,Common_English
caesar,caesar,Common_English
canadas,canadas,Common_English
cans,cans,Common_English
carroll,carroll,Common_English
cavalry,cavalry,Common_English
clara,clara,Common_English
coffin,coffin,Common_English
collectors,collectors,Common_English
colorful,colorful,Common_English
combo,combo,Common_English
communism,communism,Common_English
conductor,conductor,Common_English
confront,confront,Common_English
constraints,constraints,Common_English
crow,crow,Common_English
dads,dads,Common_English
davidson,davidson,Common_English
decisive,decisive,Common_English
decorative,decorative,Common_English
definitive,definitive,Common_English
disclosed,disclosed,Common_English
displaced,displaced,Common_English
disturbed,disturbed,Common_English
diy,diy,Common_English
doin,doin,Common_English
epidemic,epidemic,Common_English
eugene,eugene,Common_English
evolve,evolve,Common_English
explode,explode,Common_English
extraction,extraction,Common_English
fatty,fatty,Common_English
filthy,filthy,Common_English
fletcher,fletcher,Common_English
flush,flush,Common_English
font,font,Common_English
freestyle,freestyle,Common_English
glue,glue,Common_English
grandpa,grandpa,Common_English
hairy,hairy,Common_English
homicide,homicide,Common_English
horns,horns,Common_English
inheritance,inheritance,Common_English
introduces,introduces,Common_English
ironic,ironic,Common_English
lacked,lacked,Common_English
lin,lin,Common_English
luggage,luggage,Common_English
lyon,lyon,Common_English
madame,madame,Common_English
maggie,maggie,Common_English
marion,marion,Common_English
mel,mel,Common_English
melting,melting,Common_English
messaging,messaging,Common_English
midwest,midwest,Common_English
minimize,minimize,Common_English
modi,modi,Common_English
morocco,morocco,Common_English
natalie,natalie,Common_English
ops,ops,Common_English
organisms,organisms,Common_English
originated,originated,Common_English
ounce,ounce,Common_English
pablo,pablo,Common_English
peel,peel,Common_English
pensions,pensions,Common_English
performer,performer,Common_English
picnic,picnic,Common_English
pins,pins,Common_English
practitioners,practitioners,Common_English
predominantly,predominantly,Common_English
primitive,primitive,Common_English
providence,providence,Common_English
psychic,psychic,Common_English
psychologist,psychologist,Common_English
reproductive,reproductive,Common_English
requesting,requesting,Common_English
responds,responds,Common_English
restrict,restrict,Common_English
retiring,retiring,Common_English
retrieved,retrieved,Common_English
ribs,ribs,Common_English
righteous,righteous,Common_English
rivalry,rivalry,Common_English
rosa,rosa,Common_English
royalty,royalty,Common_English
sandra,sandra,Common_English
seize,seize,Common_English
sim,sim,Common_English
skeleton,skeleton,Common_English
spicy,spicy,Common_English
sticky,sticky,Common_English
sting,sting,Common_English
sufficiently,sufficiently,Common_English
thankfully,thankfully,Common_English
thrones,thrones,Common_English
tick,tick,Common_English
traced,traced,Common_English
trent,trent,Common_English
trusts,trusts,Common_English
tutorial,tutorial,Common_English
twentieth,twentieth,Common_English
unpleasant,unpleasant,Common_English
unrelated,unrelated,Common_English
ussr,ussr,Common_English
vacant,vacant,Common_English
vent,vent,Common_English
vicinity,vicinity,Common_English
wan,wan,Common_English
wandering,wandering,Common_English
warmth,warmth,Common_English
weaknesses,weaknesses,Common_English
wines,wines,Common_English
wired,wired,Common_English
amendments,amendments,Common_English
analyses,analyses,Common_English
asses,asses,Common_English
assessments,assessments,Common_English
assisting,assisting,Common_English
australias,australias,Common_English
backgrounds,backgrounds,Common_English
baldwin,baldwin,Common_English
belle,belle,Common_English
bf,bf,Common_English
bites,bites,Common_English
bombers,bombers,Common_English
bonuses,bonuses,Common_English
bred,bred,Common_English
brexit,brexit,Common_English
bubbles,bubbles,Common_English
buddha,buddha,Common_English
bulletin,bulletin,Common_English
capitalist,capitalist,Common_English
cautious,cautious,Common_English
clinics,clinics,Common_English
commitments,commitments,Common_English
companions,companions,Common_English
comparisons,comparisons,Common_English
constable,constable,Common_English
cooperate,cooperate,Common_English
coordinated,coordinated,Common_English
copied,copied,Common_English
counselor,counselor,Common_English
cp,cp,Common_English
curb,curb,Common_English
dances,dances,Common_English
darren,darren,Common_English
deeds,deeds,Common_English
destined,destined,Common_English
detached,detached,Common_English
devils,devils,Common_English
discounts,discounts,Common_English
distribute,distribute,Common_English
dong,dong,Common_English
edgar,edgar,Common_English
efficiently,efficiently,Common_English
eliminating,eliminating,Common_English
elliott,elliott,Common_English
encouragement,encouragement,Common_English
enforced,enforced,Common_English
evan,evan,Common_English
explosives,explosives,Common_English
faction,faction,Common_English
fascist,fascist,Common_English
feathers,feathers,Common_English
fixtures,fixtures,Common_English
flooded,flooded,Common_English
fuller,fuller,Common_English
gamble,gamble,Common_English
goalkeeper,goalkeeper,Common_English
grandchildren,grandchildren,Common_English
gt,gt,Common_English
guardians,guardians,Common_English
harmless,harmless,Common_English
hearings,hearings,Common_English
hesitate,hesitate,Common_English
hid,hid,Common_English
hips,hips,Common_English
hopeful,hopeful,Common_English
horny,horny,Common_English
hungarian,hungarian,Common_English
hygiene,hygiene,Common_English
iceland,iceland,Common_English
imaginary,imaginary,Common_English
imprisoned,imprisoned,Common_English
inconsistent,inconsistent,Common_English
int,int,Common_English
iso,iso,Common_English
jared,jared,Common_English
johnston,johnston,Common_English
judy,judy,Common_English
kindergarten,kindergarten,Common_English
latino,latino,Common_English
lopez,lopez,Common_English
loudly,loudly,Common_English
megan,megan,Common_English
mls,mls,Common_English
modify,modify,Common_English
neglect,neglect,Common_English
northwestern,northwestern,Common_English
nz,nz,Common_English
offenders,offenders,Common_English
oppression,oppression,Common_English
patriotic,patriotic,Common_English
phillip,phillip,Common_English
pictured,pictured,Common_English
pitcher,pitcher,Common_English
playground,playground,Common_English
populated,populated,Common_English
poses,poses,Common_English
positioned,positioned,Common_English
prejudice,prejudice,Common_English
preston,preston,Common_English
probable,probable,Common_English
probation,probation,Common_English
projection,projection,Common_English
promotes,promotes,Common_English
pumped,pumped,Common_English
rails,rails,Common_English
raven,raven,Common_English
receptor,receptor,Common_English
rehab,rehab,Common_English
remake,remake,Common_English
rendering,rendering,Common_English
reproduction,reproduction,Common_English
res,res,Common_English
reservations,reservations,Common_English
rey,rey,Common_English
rhode,rhode,Common_English
shrimp,shrimp,Common_English
similarities,similarities,Common_English
skins,skins,Common_English
slopes,slopes,Common_English
spelled,spelled,Common_English
spokesman,spokesman,Common_English
springfield,springfield,Common_English
stained,stained,Common_English
stall,stall,Common_English
starving,starving,Common_English
strap,strap,Common_English
subjective,subjective,Common_English
surround,surround,Common_English
surroundings,surroundings,Common_English
sweeping,sweeping,Common_English
swinging,swinging,Common_English
tearing,tearing,Common_English
traumatic,traumatic,Common_English
trillion,trillion,Common_English
tucker,tucker,Common_English
vatican,vatican,Common_English
vendor,vendor,Common_English
watts,watts,Common_English
yr,yr,Common_English
abbott,abbott,Common_English
aboriginal,aboriginal,Common_English
academics,academics,Common_English
adopting,adopting,Common_English
alignment,alignment,Common_English
allergic,allergic,Common_English
allison,allison,Common_English
amended,amended,Common_English
apparatus,apparatus,Common_English
assumes,assumes,Common_English
avengers,avengers,Common_English
backpack,backpack,Common_English
bliss,bliss,Common_English
bodily,bodily,Common_English
buffer,buffer,Common_English
calgary,calgary,Common_English
chapman,chapman,Common_English
chopped,chopped,Common_English
collaborative,collaborative,Common_English
commenced,commenced,Common_English
compensate,compensate,Common_English
compromised,compromised,Common_English
constructive,constructive,Common_English
conventions,conventions,Common_English
cosmic,cosmic,Common_English
crystals,crystals,Common_English
definite,definite,Common_English
demonstrations,demonstrations,Common_English
departed,departed,Common_English
depths,depths,Common_English
developmental,developmental,Common_English
disco,disco,Common_English
distraction,distraction,Common_English
dom,dom,Common_English
dorothy,dorothy,Common_English
doses,doses,Common_English
drones,drones,Common_English
durham,durham,Common_English
ecological,ecological,Common_English
elvis,elvis,Common_English
euros,euros,Common_English
exclude,exclude,Common_English
exempt,exempt,Common_English
exposing,exposing,Common_English
faint,faint,Common_English
fertility,fertility,Common_English
ff,ff,Common_English
fines,fines,Common_English
finn,finn,Common_English
floods,floods,Common_English
flynn,flynn,Common_English
folded,folded,Common_English
foremost,foremost,Common_English
forge,forge,Common_English
greenhouse,greenhouse,Common_English
hears,hears,Common_English
hierarchy,hierarchy,Common_English
ideals,ideals,Common_English
identities,identities,Common_English
installations,installations,Common_English
invalid,invalid,Common_English
jade,jade,Common_English
jointly,jointly,Common_English
jung,jung,Common_English
kits,kits,Common_English
lancaster,lancaster,Common_English
lightweight,lightweight,Common_English
lowering,lowering,Common_English
mb,mb,Common_English
melted,melted,Common_English
metabolism,metabolism,Common_English
neglected,neglected,Common_English
negotiated,negotiated,Common_English
negotiating,negotiating,Common_English
newborn,newborn,Common_English
newport,newport,Common_English
nodes,nodes,Common_English
notch,notch,Common_English
omega,omega,Common_English
onions,onions,Common_English
packers,packers,Common_English
paired,paired,Common_English
parental,parental,Common_English
parody,parody,Common_English
parole,parole,Common_English
participant,participant,Common_English
phantom,phantom,Common_English
photoshop,photoshop,Common_English
pitt,pitt,Common_English
precedent,precedent,Common_English
prevalent,prevalent,Common_English
prom,prom,Common_English
promotions,promotions,Common_English
python,python,Common_English
qatar,qatar,Common_English
questionable,questionable,Common_English
queue,queue,Common_English
quo,quo,Common_English
regrets,regrets,Common_English
render,render,Common_English
respondents,respondents,Common_English
retaining,retaining,Common_English
romania,romania,Common_English
sailor,sailor,Common_English
seventy,seventy,Common_English
shouted,shouted,Common_English
simmons,simmons,Common_English
sims,sims,Common_English
slides,slides,Common_English
sociology,sociology,Common_English
somerset,somerset,Common_English
soo,soo,Common_English
specify,specify,Common_English
splitting,splitting,Common_English
stab,stab,Common_English
supermarket,supermarket,Common_English
tenant,tenant,Common_English
tensions,tensions,Common_English
thomson,thomson,Common_English
tortured,tortured,Common_English
traction,traction,Common_English
trout,trout,Common_English
turnover,turnover,Common_English
uganda,uganda,Common_English
universitys,universitys,Common_English
unwanted,unwanted,Common_English
upgrades,upgrades,Common_English
valentines,valentines,Common_English
variant,variant,Common_English
vegetarian,vegetarian,Common_English
vernon,vernon,Common_English
visibility,visibility,Common_English
warnings,warnings,Common_English
wherein,wherein,Common_English
whiskey,whiskey,Common_English
worms,worms,Common_English
wyoming,wyoming,Common_English
aaa,aaa,Common_English
abundant,abundant,Common_English
africans,africans,Common_English
alexandria,alexandria,Common_English
algebra,algebra,Common_English
analytics,analytics,Common_English
attribute,attribute,Common_English
audition,audition,Common_English
bankers,bankers,Common_English
biting,biting,Common_English
